[    -280ms] [ERROR] TypeError: Cannot read properties of undefined (reading 'onBeforeCompile')
    at customProgramCacheKey (http://localhost:4219/vendor/three.module.js:9183:15)
    at c.customProgramCacheKey (http://localhost:4219/game.js:491:50)
    at Object.getParameters (http://localhost:4219/vendor/three.module.js:20763:36)
    at getProgram (http://localhost:4219/vendor/three.module.js:29915:36)
    at setProgram (http://localhost:4219/vendor/three.module.js:30223:15)
    at WebGLRenderer.renderBufferDirect (http://localhost:4219/vendor/three.module.js:29037:20)
    at renderObject (http://localhost:4219/vendor/three.module.js:29896:11)
    at renderObjects (http://localhost:4219/vendor/three.module.js:29865:6)
    at renderScene (http://localhost:4219/vendor/three.module.js:29708:36)
    at WebGLRenderer.render (http://localhost:4219/vendor/three.module.js:29526:5) @ http://localhost:4219/game.js:1031
[      81ms] TypeError: Cannot read properties of undefined (reading 'onBeforeCompile')
    at customProgramCacheKey (http://localhost:4219/vendor/three.module.js:9183:15)
    at c.customProgramCacheKey (http://localhost:4219/game.js:491:50)
    at Object.getParameters (http://localhost:4219/vendor/three.module.js:20763:36)
    at getProgram (http://localhost:4219/vendor/three.module.js:29915:36)
    at setProgram (http://localhost:4219/vendor/three.module.js:30223:15)
    at WebGLRenderer.renderBufferDirect (http://localhost:4219/vendor/three.module.js:29037:20)
    at renderObject (http://localhost:4219/vendor/three.module.js:29896:11)
    at renderObjects (http://localhost:4219/vendor/three.module.js:29865:6)
    at renderScene (http://localhost:4219/vendor/three.module.js:29708:36)
    at WebGLRenderer.render (http://localhost:4219/vendor/three.module.js:29526:5)
[    -204ms] [ERROR] TypeError: Cannot read properties of undefined (reading 'onBeforeCompile')
    at customProgramCacheKey (http://localhost:4219/vendor/three.module.js:9183:15)
    at c.customProgramCacheKey (http://localhost:4219/game.js:491:50)
    at Object.getParameters (http://localhost:4219/vendor/three.module.js:20763:36)
    at getProgram (http://localhost:4219/vendor/three.module.js:29915:36)
    at setProgram (http://localhost:4219/vendor/three.module.js:30223:15)
    at WebGLRenderer.renderBufferDirect (http://localhost:4219/vendor/three.module.js:29037:20)
    at renderObject (http://localhost:4219/vendor/three.module.js:29896:11)
    at renderObjects (http://localhost:4219/vendor/three.module.js:29865:6)
    at renderScene (http://localhost:4219/vendor/three.module.js:29708:36)
    at WebGLRenderer.render (http://localhost:4219/vendor/three.module.js:29526:5) @ http://localhost:4219/game.js:1031
[      86ms] TypeError: Cannot read properties of undefined (reading 'onBeforeCompile')
    at customProgramCacheKey (http://localhost:4219/vendor/three.module.js:9183:15)
    at c.customProgramCacheKey (http://localhost:4219/game.js:491:50)
    at Object.getParameters (http://localhost:4219/vendor/three.module.js:20763:36)
    at getProgram (http://localhost:4219/vendor/three.module.js:29915:36)
    at setProgram (http://localhost:4219/vendor/three.module.js:30223:15)
    at WebGLRenderer.renderBufferDirect (http://localhost:4219/vendor/three.module.js:29037:20)
    at renderObject (http://localhost:4219/vendor/three.module.js:29896:11)
    at renderObjects (http://localhost:4219/vendor/three.module.js:29865:6)
    at renderScene (http://localhost:4219/vendor/three.module.js:29708:36)
    at WebGLRenderer.render (http://localhost:4219/vendor/three.module.js:29526:5)
[    -151ms] [ERROR] TypeError: Cannot read properties of undefined (reading 'onBeforeCompile')
    at customProgramCacheKey (http://localhost:4219/vendor/three.module.js:9183:15)
    at c.customProgramCacheKey (http://localhost:4219/game.js:491:50)
    at Object.getParameters (http://localhost:4219/vendor/three.module.js:20763:36)
    at getProgram (http://localhost:4219/vendor/three.module.js:29915:36)
    at setProgram (http://localhost:4219/vendor/three.module.js:30223:15)
    at WebGLRenderer.renderBufferDirect (http://localhost:4219/vendor/three.module.js:29037:20)
    at renderObject (http://localhost:4219/vendor/three.module.js:29896:11)
    at renderObjects (http://localhost:4219/vendor/three.module.js:29865:6)
    at renderScene (http://localhost:4219/vendor/three.module.js:29708:36)
    at WebGLRenderer.render (http://localhost:4219/vendor/three.module.js:29526:5) @ http://localhost:4219/game.js:1031
[     927ms] TypeError: Cannot read properties of undefined (reading 'onBeforeCompile')
    at customProgramCacheKey (http://localhost:4219/vendor/three.module.js:9183:15)
    at c.customProgramCacheKey (http://localhost:4219/game.js:491:50)
    at Object.getParameters (http://localhost:4219/vendor/three.module.js:20763:36)
    at getProgram (http://localhost:4219/vendor/three.module.js:29915:36)
    at setProgram (http://localhost:4219/vendor/three.module.js:30223:15)
    at WebGLRenderer.renderBufferDirect (http://localhost:4219/vendor/three.module.js:29037:20)
    at renderObject (http://localhost:4219/vendor/three.module.js:29896:11)
    at renderObjects (http://localhost:4219/vendor/three.module.js:29865:6)
    at renderScene (http://localhost:4219/vendor/three.module.js:29708:36)
    at WebGLRenderer.render (http://localhost:4219/vendor/three.module.js:29526:5)
[     -84ms] [ERROR] TypeError: Cannot read properties of undefined (reading 'onBeforeCompile')
    at customProgramCacheKey (http://localhost:4219/vendor/three.module.js:9183:15)
    at c.customProgramCacheKey (http://localhost:4219/game.js:491:50)
    at Object.getParameters (http://localhost:4219/vendor/three.module.js:20763:36)
    at getProgram (http://localhost:4219/vendor/three.module.js:29915:36)
    at setProgram (http://localhost:4219/vendor/three.module.js:30223:15)
    at WebGLRenderer.renderBufferDirect (http://localhost:4219/vendor/three.module.js:29037:20)
    at renderObject (http://localhost:4219/vendor/three.module.js:29896:11)
    at renderObjects (http://localhost:4219/vendor/three.module.js:29865:6)
    at renderScene (http://localhost:4219/vendor/three.module.js:29708:36)
    at WebGLRenderer.render (http://localhost:4219/vendor/three.module.js:29526:5) @ http://localhost:4219/game.js:1031
[     927ms] TypeError: Cannot read properties of undefined (reading 'onBeforeCompile')
    at customProgramCacheKey (http://localhost:4219/vendor/three.module.js:9183:15)
    at c.customProgramCacheKey (http://localhost:4219/game.js:491:50)
    at Object.getParameters (http://localhost:4219/vendor/three.module.js:20763:36)
    at getProgram (http://localhost:4219/vendor/three.module.js:29915:36)
    at setProgram (http://localhost:4219/vendor/three.module.js:30223:15)
    at WebGLRenderer.renderBufferDirect (http://localhost:4219/vendor/three.module.js:29037:20)
    at renderObject (http://localhost:4219/vendor/three.module.js:29896:11)
    at renderObjects (http://localhost:4219/vendor/three.module.js:29865:6)
    at renderScene (http://localhost:4219/vendor/three.module.js:29708:36)
    at WebGLRenderer.render (http://localhost:4219/vendor/three.module.js:29526:5)
[      14ms] [ERROR] TypeError: Cannot read properties of undefined (reading 'onBeforeCompile')
    at customProgramCacheKey (http://localhost:4219/vendor/three.module.js:9183:15)
    at c.customProgramCacheKey (http://localhost:4219/game.js:491:50)
    at Object.getParameters (http://localhost:4219/vendor/three.module.js:20763:36)
    at getProgram (http://localhost:4219/vendor/three.module.js:29915:36)
    at setProgram (http://localhost:4219/vendor/three.module.js:30223:15)
    at WebGLRenderer.renderBufferDirect (http://localhost:4219/vendor/three.module.js:29037:20)
    at renderObject (http://localhost:4219/vendor/three.module.js:29896:11)
    at renderObjects (http://localhost:4219/vendor/three.module.js:29865:6)
    at renderScene (http://localhost:4219/vendor/three.module.js:29708:36)
    at WebGLRenderer.render (http://localhost:4219/vendor/three.module.js:29526:5) @ http://localhost:4219/game.js:1031
[     928ms] TypeError: Cannot read properties of undefined (reading 'onBeforeCompile')
    at customProgramCacheKey (http://localhost:4219/vendor/three.module.js:9183:15)
    at c.customProgramCacheKey (http://localhost:4219/game.js:491:50)
    at Object.getParameters (http://localhost:4219/vendor/three.module.js:20763:36)
    at getProgram (http://localhost:4219/vendor/three.module.js:29915:36)
    at setProgram (http://localhost:4219/vendor/three.module.js:30223:15)
    at WebGLRenderer.renderBufferDirect (http://localhost:4219/vendor/three.module.js:29037:20)
    at renderObject (http://localhost:4219/vendor/three.module.js:29896:11)
    at renderObjects (http://localhost:4219/vendor/three.module.js:29865:6)
    at renderScene (http://localhost:4219/vendor/three.module.js:29708:36)
    at WebGLRenderer.render (http://localhost:4219/vendor/three.module.js:29526:5)
[      51ms] [ERROR] TypeError: Cannot read properties of undefined (reading 'onBeforeCompile')
    at customProgramCacheKey (http://localhost:4219/vendor/three.module.js:9183:15)
    at c.customProgramCacheKey (http://localhost:4219/game.js:491:50)
    at Object.getParameters (http://localhost:4219/vendor/three.module.js:20763:36)
    at getProgram (http://localhost:4219/vendor/three.module.js:29915:36)
    at setProgram (http://localhost:4219/vendor/three.module.js:30223:15)
    at WebGLRenderer.renderBufferDirect (http://localhost:4219/vendor/three.module.js:29037:20)
    at renderObject (http://localhost:4219/vendor/three.module.js:29896:11)
    at renderObjects (http://localhost:4219/vendor/three.module.js:29865:6)
    at renderScene (http://localhost:4219/vendor/three.module.js:29708:36)
    at WebGLRenderer.render (http://localhost:4219/vendor/three.module.js:29526:5) @ http://localhost:4219/game.js:1031
[     928ms] TypeError: Cannot read properties of undefined (reading 'onBeforeCompile')
    at customProgramCacheKey (http://localhost:4219/vendor/three.module.js:9183:15)
    at c.customProgramCacheKey (http://localhost:4219/game.js:491:50)
    at Object.getParameters (http://localhost:4219/vendor/three.module.js:20763:36)
    at getProgram (http://localhost:4219/vendor/three.module.js:29915:36)
    at setProgram (http://localhost:4219/vendor/three.module.js:30223:15)
    at WebGLRenderer.renderBufferDirect (http://localhost:4219/vendor/three.module.js:29037:20)
    at renderObject (http://localhost:4219/vendor/three.module.js:29896:11)
    at renderObjects (http://localhost:4219/vendor/three.module.js:29865:6)
    at renderScene (http://localhost:4219/vendor/three.module.js:29708:36)
    at WebGLRenderer.render (http://localhost:4219/vendor/three.module.js:29526:5)
[      98ms] [ERROR] TypeError: Cannot read properties of undefined (reading 'onBeforeCompile')
    at customProgramCacheKey (http://localhost:4219/vendor/three.module.js:9183:15)
    at c.customProgramCacheKey (http://localhost:4219/game.js:491:50)
    at Object.getParameters (http://localhost:4219/vendor/three.module.js:20763:36)
    at getProgram (http://localhost:4219/vendor/three.module.js:29915:36)
    at setProgram (http://localhost:4219/vendor/three.module.js:30223:15)
    at WebGLRenderer.renderBufferDirect (http://localhost:4219/vendor/three.module.js:29037:20)
    at renderObject (http://localhost:4219/vendor/three.module.js:29896:11)
    at renderObjects (http://localhost:4219/vendor/three.module.js:29865:6)
    at renderScene (http://localhost:4219/vendor/three.module.js:29708:36)
    at WebGLRenderer.render (http://localhost:4219/vendor/three.module.js:29526:5) @ http://localhost:4219/game.js:1031
[     929ms] TypeError: Cannot read properties of undefined (reading 'onBeforeCompile')
    at customProgramCacheKey (http://localhost:4219/vendor/three.module.js:9183:15)
    at c.customProgramCacheKey (http://localhost:4219/game.js:491:50)
    at Object.getParameters (http://localhost:4219/vendor/three.module.js:20763:36)
    at getProgram (http://localhost:4219/vendor/three.module.js:29915:36)
    at setProgram (http://localhost:4219/vendor/three.module.js:30223:15)
    at WebGLRenderer.renderBufferDirect (http://localhost:4219/vendor/three.module.js:29037:20)
    at renderObject (http://localhost:4219/vendor/three.module.js:29896:11)
    at renderObjects (http://localhost:4219/vendor/three.module.js:29865:6)
    at renderScene (http://localhost:4219/vendor/three.module.js:29708:36)
    at WebGLRenderer.render (http://localhost:4219/vendor/three.module.js:29526:5)
[     154ms] [ERROR] TypeError: Cannot read properties of undefined (reading 'onBeforeCompile')
    at customProgramCacheKey (http://localhost:4219/vendor/three.module.js:9183:15)
    at c.customProgramCacheKey (http://localhost:4219/game.js:491:50)
    at Object.getParameters (http://localhost:4219/vendor/three.module.js:20763:36)
    at getProgram (http://localhost:4219/vendor/three.module.js:29915:36)
    at setProgram (http://localhost:4219/vendor/three.module.js:30223:15)
    at WebGLRenderer.renderBufferDirect (http://localhost:4219/vendor/three.module.js:29037:20)
    at renderObject (http://localhost:4219/vendor/three.module.js:29896:11)
    at renderObjects (http://localhost:4219/vendor/three.module.js:29865:6)
    at renderScene (http://localhost:4219/vendor/three.module.js:29708:36)
    at WebGLRenderer.render (http://localhost:4219/vendor/three.module.js:29526:5) @ http://localhost:4219/game.js:1031
[     929ms] TypeError: Cannot read properties of undefined (reading 'onBeforeCompile')
    at customProgramCacheKey (http://localhost:4219/vendor/three.module.js:9183:15)
    at c.customProgramCacheKey (http://localhost:4219/game.js:491:50)
    at Object.getParameters (http://localhost:4219/vendor/three.module.js:20763:36)
    at getProgram (http://localhost:4219/vendor/three.module.js:29915:36)
    at setProgram (http://localhost:4219/vendor/three.module.js:30223:15)
    at WebGLRenderer.renderBufferDirect (http://localhost:4219/vendor/three.module.js:29037:20)
    at renderObject (http://localhost:4219/vendor/three.module.js:29896:11)
    at renderObjects (http://localhost:4219/vendor/three.module.js:29865:6)
    at renderScene (http://localhost:4219/vendor/three.module.js:29708:36)
    at WebGLRenderer.render (http://localhost:4219/vendor/three.module.js:29526:5)
[     216ms] [ERROR] TypeError: Cannot read properties of undefined (reading 'onBeforeCompile')
    at customProgramCacheKey (http://localhost:4219/vendor/three.module.js:9183:15)
    at c.customProgramCacheKey (http://localhost:4219/game.js:491:50)
    at Object.getParameters (http://localhost:4219/vendor/three.module.js:20763:36)
    at getProgram (http://localhost:4219/vendor/three.module.js:29915:36)
    at setProgram (http://localhost:4219/vendor/three.module.js:30223:15)
    at WebGLRenderer.renderBufferDirect (http://localhost:4219/vendor/three.module.js:29037:20)
    at renderObject (http://localhost:4219/vendor/three.module.js:29896:11)
    at renderObjects (http://localhost:4219/vendor/three.module.js:29865:6)
    at renderScene (http://localhost:4219/vendor/three.module.js:29708:36)
    at WebGLRenderer.render (http://localhost:4219/vendor/three.module.js:29526:5) @ http://localhost:4219/game.js:1031
[     929ms] TypeError: Cannot read properties of undefined (reading 'onBeforeCompile')
    at customProgramCacheKey (http://localhost:4219/vendor/three.module.js:9183:15)
    at c.customProgramCacheKey (http://localhost:4219/game.js:491:50)
    at Object.getParameters (http://localhost:4219/vendor/three.module.js:20763:36)
    at getProgram (http://localhost:4219/vendor/three.module.js:29915:36)
    at setProgram (http://localhost:4219/vendor/three.module.js:30223:15)
    at WebGLRenderer.renderBufferDirect (http://localhost:4219/vendor/three.module.js:29037:20)
    at renderObject (http://localhost:4219/vendor/three.module.js:29896:11)
    at renderObjects (http://localhost:4219/vendor/three.module.js:29865:6)
    at renderScene (http://localhost:4219/vendor/three.module.js:29708:36)
    at WebGLRenderer.render (http://localhost:4219/vendor/three.module.js:29526:5)
[     269ms] [ERROR] TypeError: Cannot read properties of undefined (reading 'onBeforeCompile')
    at customProgramCacheKey (http://localhost:4219/vendor/three.module.js:9183:15)
    at c.customProgramCacheKey (http://localhost:4219/game.js:491:50)
    at Object.getParameters (http://localhost:4219/vendor/three.module.js:20763:36)
    at getProgram (http://localhost:4219/vendor/three.module.js:29915:36)
    at setProgram (http://localhost:4219/vendor/three.module.js:30223:15)
    at WebGLRenderer.renderBufferDirect (http://localhost:4219/vendor/three.module.js:29037:20)
    at renderObject (http://localhost:4219/vendor/three.module.js:29896:11)
    at renderObjects (http://localhost:4219/vendor/three.module.js:29865:6)
    at renderScene (http://localhost:4219/vendor/three.module.js:29708:36)
    at WebGLRenderer.render (http://localhost:4219/vendor/three.module.js:29526:5) @ http://localhost:4219/game.js:1031
[     930ms] TypeError: Cannot read properties of undefined (reading 'onBeforeCompile')
    at customProgramCacheKey (http://localhost:4219/vendor/three.module.js:9183:15)
    at c.customProgramCacheKey (http://localhost:4219/game.js:491:50)
    at Object.getParameters (http://localhost:4219/vendor/three.module.js:20763:36)
    at getProgram (http://localhost:4219/vendor/three.module.js:29915:36)
    at setProgram (http://localhost:4219/vendor/three.module.js:30223:15)
    at WebGLRenderer.renderBufferDirect (http://localhost:4219/vendor/three.module.js:29037:20)
    at renderObject (http://localhost:4219/vendor/three.module.js:29896:11)
    at renderObjects (http://localhost:4219/vendor/three.module.js:29865:6)
    at renderScene (http://localhost:4219/vendor/three.module.js:29708:36)
    at WebGLRenderer.render (http://localhost:4219/vendor/three.module.js:29526:5)
[     316ms] [ERROR] TypeError: Cannot read properties of undefined (reading 'onBeforeCompile')
    at customProgramCacheKey (http://localhost:4219/vendor/three.module.js:9183:15)
    at c.customProgramCacheKey (http://localhost:4219/game.js:491:50)
    at Object.getParameters (http://localhost:4219/vendor/three.module.js:20763:36)
    at getProgram (http://localhost:4219/vendor/three.module.js:29915:36)
    at setProgram (http://localhost:4219/vendor/three.module.js:30223:15)
    at WebGLRenderer.renderBufferDirect (http://localhost:4219/vendor/three.module.js:29037:20)
    at renderObject (http://localhost:4219/vendor/three.module.js:29896:11)
    at renderObjects (http://localhost:4219/vendor/three.module.js:29865:6)
    at renderScene (http://localhost:4219/vendor/three.module.js:29708:36)
    at WebGLRenderer.render (http://localhost:4219/vendor/three.module.js:29526:5) @ http://localhost:4219/game.js:1031
[     930ms] TypeError: Cannot read properties of undefined (reading 'onBeforeCompile')
    at customProgramCacheKey (http://localhost:4219/vendor/three.module.js:9183:15)
    at c.customProgramCacheKey (http://localhost:4219/game.js:491:50)
    at Object.getParameters (http://localhost:4219/vendor/three.module.js:20763:36)
    at getProgram (http://localhost:4219/vendor/three.module.js:29915:36)
    at setProgram (http://localhost:4219/vendor/three.module.js:30223:15)
    at WebGLRenderer.renderBufferDirect (http://localhost:4219/vendor/three.module.js:29037:20)
    at renderObject (http://localhost:4219/vendor/three.module.js:29896:11)
    at renderObjects (http://localhost:4219/vendor/three.module.js:29865:6)
    at renderScene (http://localhost:4219/vendor/three.module.js:29708:36)
    at WebGLRenderer.render (http://localhost:4219/vendor/three.module.js:29526:5)
[     467ms] [ERROR] TypeError: Cannot read properties of undefined (reading 'onBeforeCompile')
    at customProgramCacheKey (http://localhost:4219/vendor/three.module.js:9183:15)
    at c.customProgramCacheKey (http://localhost:4219/game.js:491:50)
    at Object.getParameters (http://localhost:4219/vendor/three.module.js:20763:36)
    at getProgram (http://localhost:4219/vendor/three.module.js:29915:36)
    at setProgram (http://localhost:4219/vendor/three.module.js:30223:15)
    at WebGLRenderer.renderBufferDirect (http://localhost:4219/vendor/three.module.js:29037:20)
    at renderObject (http://localhost:4219/vendor/three.module.js:29896:11)
    at renderObjects (http://localhost:4219/vendor/three.module.js:29865:6)
    at renderScene (http://localhost:4219/vendor/three.module.js:29708:36)
    at WebGLRenderer.render (http://localhost:4219/vendor/three.module.js:29526:5) @ http://localhost:4219/game.js:1031
[     931ms] TypeError: Cannot read properties of undefined (reading 'onBeforeCompile')
    at customProgramCacheKey (http://localhost:4219/vendor/three.module.js:9183:15)
    at c.customProgramCacheKey (http://localhost:4219/game.js:491:50)
    at Object.getParameters (http://localhost:4219/vendor/three.module.js:20763:36)
    at getProgram (http://localhost:4219/vendor/three.module.js:29915:36)
    at setProgram (http://localhost:4219/vendor/three.module.js:30223:15)
    at WebGLRenderer.renderBufferDirect (http://localhost:4219/vendor/three.module.js:29037:20)
    at renderObject (http://localhost:4219/vendor/three.module.js:29896:11)
    at renderObjects (http://localhost:4219/vendor/three.module.js:29865:6)
    at renderScene (http://localhost:4219/vendor/three.module.js:29708:36)
    at WebGLRenderer.render (http://localhost:4219/vendor/three.module.js:29526:5)
[     500ms] [ERROR] TypeError: Cannot read properties of undefined (reading 'onBeforeCompile')
    at customProgramCacheKey (http://localhost:4219/vendor/three.module.js:9183:15)
    at c.customProgramCacheKey (http://localhost:4219/game.js:491:50)
    at Object.getParameters (http://localhost:4219/vendor/three.module.js:20763:36)
    at getProgram (http://localhost:4219/vendor/three.module.js:29915:36)
    at setProgram (http://localhost:4219/vendor/three.module.js:30223:15)
    at WebGLRenderer.renderBufferDirect (http://localhost:4219/vendor/three.module.js:29037:20)
    at renderObject (http://localhost:4219/vendor/three.module.js:29896:11)
    at renderObjects (http://localhost:4219/vendor/three.module.js:29865:6)
    at renderScene (http://localhost:4219/vendor/three.module.js:29708:36)
    at WebGLRenderer.render (http://localhost:4219/vendor/three.module.js:29526:5) @ http://localhost:4219/game.js:1031
[     931ms] TypeError: Cannot read properties of undefined (reading 'onBeforeCompile')
    at customProgramCacheKey (http://localhost:4219/vendor/three.module.js:9183:15)
    at c.customProgramCacheKey (http://localhost:4219/game.js:491:50)
    at Object.getParameters (http://localhost:4219/vendor/three.module.js:20763:36)
    at getProgram (http://localhost:4219/vendor/three.module.js:29915:36)
    at setProgram (http://localhost:4219/vendor/three.module.js:30223:15)
    at WebGLRenderer.renderBufferDirect (http://localhost:4219/vendor/three.module.js:29037:20)
    at renderObject (http://localhost:4219/vendor/three.module.js:29896:11)
    at renderObjects (http://localhost:4219/vendor/three.module.js:29865:6)
    at renderScene (http://localhost:4219/vendor/three.module.js:29708:36)
    at WebGLRenderer.render (http://localhost:4219/vendor/three.module.js:29526:5)
[     550ms] [ERROR] TypeError: Cannot read properties of undefined (reading 'onBeforeCompile')
    at customProgramCacheKey (http://localhost:4219/vendor/three.module.js:9183:15)
    at c.customProgramCacheKey (http://localhost:4219/game.js:491:50)
    at Object.getParameters (http://localhost:4219/vendor/three.module.js:20763:36)
    at getProgram (http://localhost:4219/vendor/three.module.js:29915:36)
    at setProgram (http://localhost:4219/vendor/three.module.js:30223:15)
    at WebGLRenderer.renderBufferDirect (http://localhost:4219/vendor/three.module.js:29037:20)
    at renderObject (http://localhost:4219/vendor/three.module.js:29896:11)
    at renderObjects (http://localhost:4219/vendor/three.module.js:29865:6)
    at renderScene (http://localhost:4219/vendor/three.module.js:29708:36)
    at WebGLRenderer.render (http://localhost:4219/vendor/three.module.js:29526:5) @ http://localhost:4219/game.js:1031
[     931ms] TypeError: Cannot read properties of undefined (reading 'onBeforeCompile')
    at customProgramCacheKey (http://localhost:4219/vendor/three.module.js:9183:15)
    at c.customProgramCacheKey (http://localhost:4219/game.js:491:50)
    at Object.getParameters (http://localhost:4219/vendor/three.module.js:20763:36)
    at getProgram (http://localhost:4219/vendor/three.module.js:29915:36)
    at setProgram (http://localhost:4219/vendor/three.module.js:30223:15)
    at WebGLRenderer.renderBufferDirect (http://localhost:4219/vendor/three.module.js:29037:20)
    at renderObject (http://localhost:4219/vendor/three.module.js:29896:11)
    at renderObjects (http://localhost:4219/vendor/three.module.js:29865:6)
    at renderScene (http://localhost:4219/vendor/three.module.js:29708:36)
    at WebGLRenderer.render (http://localhost:4219/vendor/three.module.js:29526:5)
[     600ms] [ERROR] TypeError: Cannot read properties of undefined (reading 'onBeforeCompile')
    at customProgramCacheKey (http://localhost:4219/vendor/three.module.js:9183:15)
    at c.customProgramCacheKey (http://localhost:4219/game.js:491:50)
    at Object.getParameters (http://localhost:4219/vendor/three.module.js:20763:36)
    at getProgram (http://localhost:4219/vendor/three.module.js:29915:36)
    at setProgram (http://localhost:4219/vendor/three.module.js:30223:15)
    at WebGLRenderer.renderBufferDirect (http://localhost:4219/vendor/three.module.js:29037:20)
    at renderObject (http://localhost:4219/vendor/three.module.js:29896:11)
    at renderObjects (http://localhost:4219/vendor/three.module.js:29865:6)
    at renderScene (http://localhost:4219/vendor/three.module.js:29708:36)
    at WebGLRenderer.render (http://localhost:4219/vendor/three.module.js:29526:5) @ http://localhost:4219/game.js:1031
[     932ms] TypeError: Cannot read properties of undefined (reading 'onBeforeCompile')
    at customProgramCacheKey (http://localhost:4219/vendor/three.module.js:9183:15)
    at c.customProgramCacheKey (http://localhost:4219/game.js:491:50)
    at Object.getParameters (http://localhost:4219/vendor/three.module.js:20763:36)
    at getProgram (http://localhost:4219/vendor/three.module.js:29915:36)
    at setProgram (http://localhost:4219/vendor/three.module.js:30223:15)
    at WebGLRenderer.renderBufferDirect (http://localhost:4219/vendor/three.module.js:29037:20)
    at renderObject (http://localhost:4219/vendor/three.module.js:29896:11)
    at renderObjects (http://localhost:4219/vendor/three.module.js:29865:6)
    at renderScene (http://localhost:4219/vendor/three.module.js:29708:36)
    at WebGLRenderer.render (http://localhost:4219/vendor/three.module.js:29526:5)
[     663ms] [ERROR] TypeError: Cannot read properties of undefined (reading 'onBeforeCompile')
    at customProgramCacheKey (http://localhost:4219/vendor/three.module.js:9183:15)
    at c.customProgramCacheKey (http://localhost:4219/game.js:491:50)
    at Object.getParameters (http://localhost:4219/vendor/three.module.js:20763:36)
    at getProgram (http://localhost:4219/vendor/three.module.js:29915:36)
    at setProgram (http://localhost:4219/vendor/three.module.js:30223:15)
    at WebGLRenderer.renderBufferDirect (http://localhost:4219/vendor/three.module.js:29037:20)
    at renderObject (http://localhost:4219/vendor/three.module.js:29896:11)
    at renderObjects (http://localhost:4219/vendor/three.module.js:29865:6)
    at renderScene (http://localhost:4219/vendor/three.module.js:29708:36)
    at WebGLRenderer.render (http://localhost:4219/vendor/three.module.js:29526:5) @ http://localhost:4219/game.js:1031
[     936ms] TypeError: Cannot read properties of undefined (reading 'onBeforeCompile')
    at customProgramCacheKey (http://localhost:4219/vendor/three.module.js:9183:15)
    at c.customProgramCacheKey (http://localhost:4219/game.js:491:50)
    at Object.getParameters (http://localhost:4219/vendor/three.module.js:20763:36)
    at getProgram (http://localhost:4219/vendor/three.module.js:29915:36)
    at setProgram (http://localhost:4219/vendor/three.module.js:30223:15)
    at WebGLRenderer.renderBufferDirect (http://localhost:4219/vendor/three.module.js:29037:20)
    at renderObject (http://localhost:4219/vendor/three.module.js:29896:11)
    at renderObjects (http://localhost:4219/vendor/three.module.js:29865:6)
    at renderScene (http://localhost:4219/vendor/three.module.js:29708:36)
    at WebGLRenderer.render (http://localhost:4219/vendor/three.module.js:29526:5)
[     766ms] [ERROR] TypeError: Cannot read properties of undefined (reading 'onBeforeCompile')
    at customProgramCacheKey (http://localhost:4219/vendor/three.module.js:9183:15)
    at c.customProgramCacheKey (http://localhost:4219/game.js:491:50)
    at Object.getParameters (http://localhost:4219/vendor/three.module.js:20763:36)
    at getProgram (http://localhost:4219/vendor/three.module.js:29915:36)
    at setProgram (http://localhost:4219/vendor/three.module.js:30223:15)
    at WebGLRenderer.renderBufferDirect (http://localhost:4219/vendor/three.module.js:29037:20)
    at renderObject (http://localhost:4219/vendor/three.module.js:29896:11)
    at renderObjects (http://localhost:4219/vendor/three.module.js:29865:6)
    at renderScene (http://localhost:4219/vendor/three.module.js:29708:36)
    at WebGLRenderer.render (http://localhost:4219/vendor/three.module.js:29526:5) @ http://localhost:4219/game.js:1031
[     937ms] TypeError: Cannot read properties of undefined (reading 'onBeforeCompile')
    at customProgramCacheKey (http://localhost:4219/vendor/three.module.js:9183:15)
    at c.customProgramCacheKey (http://localhost:4219/game.js:491:50)
    at Object.getParameters (http://localhost:4219/vendor/three.module.js:20763:36)
    at getProgram (http://localhost:4219/vendor/three.module.js:29915:36)
    at setProgram (http://localhost:4219/vendor/three.module.js:30223:15)
    at WebGLRenderer.renderBufferDirect (http://localhost:4219/vendor/three.module.js:29037:20)
    at renderObject (http://localhost:4219/vendor/three.module.js:29896:11)
    at renderObjects (http://localhost:4219/vendor/three.module.js:29865:6)
    at renderScene (http://localhost:4219/vendor/three.module.js:29708:36)
    at WebGLRenderer.render (http://localhost:4219/vendor/three.module.js:29526:5)
[     833ms] [ERROR] TypeError: Cannot read properties of undefined (reading 'onBeforeCompile')
    at customProgramCacheKey (http://localhost:4219/vendor/three.module.js:9183:15)
    at c.customProgramCacheKey (http://localhost:4219/game.js:491:50)
    at Object.getParameters (http://localhost:4219/vendor/three.module.js:20763:36)
    at getProgram (http://localhost:4219/vendor/three.module.js:29915:36)
    at setProgram (http://localhost:4219/vendor/three.module.js:30223:15)
    at WebGLRenderer.renderBufferDirect (http://localhost:4219/vendor/three.module.js:29037:20)
    at renderObject (http://localhost:4219/vendor/three.module.js:29896:11)
    at renderObjects (http://localhost:4219/vendor/three.module.js:29865:6)
    at renderScene (http://localhost:4219/vendor/three.module.js:29708:36)
    at WebGLRenderer.render (http://localhost:4219/vendor/three.module.js:29526:5) @ http://localhost:4219/game.js:1031
[     937ms] TypeError: Cannot read properties of undefined (reading 'onBeforeCompile')
    at customProgramCacheKey (http://localhost:4219/vendor/three.module.js:9183:15)
    at c.customProgramCacheKey (http://localhost:4219/game.js:491:50)
    at Object.getParameters (http://localhost:4219/vendor/three.module.js:20763:36)
    at getProgram (http://localhost:4219/vendor/three.module.js:29915:36)
    at setProgram (http://localhost:4219/vendor/three.module.js:30223:15)
    at WebGLRenderer.renderBufferDirect (http://localhost:4219/vendor/three.module.js:29037:20)
    at renderObject (http://localhost:4219/vendor/three.module.js:29896:11)
    at renderObjects (http://localhost:4219/vendor/three.module.js:29865:6)
    at renderScene (http://localhost:4219/vendor/three.module.js:29708:36)
    at WebGLRenderer.render (http://localhost:4219/vendor/three.module.js:29526:5)
[     899ms] [ERROR] TypeError: Cannot read properties of undefined (reading 'onBeforeCompile')
    at customProgramCacheKey (http://localhost:4219/vendor/three.module.js:9183:15)
    at c.customProgramCacheKey (http://localhost:4219/game.js:491:50)
    at Object.getParameters (http://localhost:4219/vendor/three.module.js:20763:36)
    at getProgram (http://localhost:4219/vendor/three.module.js:29915:36)
    at setProgram (http://localhost:4219/vendor/three.module.js:30223:15)
    at WebGLRenderer.renderBufferDirect (http://localhost:4219/vendor/three.module.js:29037:20)
    at renderObject (http://localhost:4219/vendor/three.module.js:29896:11)
    at renderObjects (http://localhost:4219/vendor/three.module.js:29865:6)
    at renderScene (http://localhost:4219/vendor/three.module.js:29708:36)
    at WebGLRenderer.render (http://localhost:4219/vendor/three.module.js:29526:5) @ http://localhost:4219/game.js:1031
[    1349ms] TypeError: Cannot read properties of undefined (reading 'onBeforeCompile')
    at customProgramCacheKey (http://localhost:4219/vendor/three.module.js:9183:15)
    at c.customProgramCacheKey (http://localhost:4219/game.js:491:50)
    at Object.getParameters (http://localhost:4219/vendor/three.module.js:20763:36)
    at getProgram (http://localhost:4219/vendor/three.module.js:29915:36)
    at setProgram (http://localhost:4219/vendor/three.module.js:30223:15)
    at WebGLRenderer.renderBufferDirect (http://localhost:4219/vendor/three.module.js:29037:20)
    at renderObject (http://localhost:4219/vendor/three.module.js:29896:11)
    at renderObjects (http://localhost:4219/vendor/three.module.js:29865:6)
    at renderScene (http://localhost:4219/vendor/three.module.js:29708:36)
    at WebGLRenderer.render (http://localhost:4219/vendor/three.module.js:29526:5)
[    1017ms] [ERROR] TypeError: Cannot read properties of undefined (reading 'onBeforeCompile')
    at customProgramCacheKey (http://localhost:4219/vendor/three.module.js:9183:15)
    at c.customProgramCacheKey (http://localhost:4219/game.js:491:50)
    at Object.getParameters (http://localhost:4219/vendor/three.module.js:20763:36)
    at getProgram (http://localhost:4219/vendor/three.module.js:29915:36)
    at setProgram (http://localhost:4219/vendor/three.module.js:30223:15)
    at WebGLRenderer.renderBufferDirect (http://localhost:4219/vendor/three.module.js:29037:20)
    at renderObject (http://localhost:4219/vendor/three.module.js:29896:11)
    at renderObjects (http://localhost:4219/vendor/three.module.js:29865:6)
    at renderScene (http://localhost:4219/vendor/three.module.js:29708:36)
    at WebGLRenderer.render (http://localhost:4219/vendor/three.module.js:29526:5) @ http://localhost:4219/game.js:1031
[    1350ms] TypeError: Cannot read properties of undefined (reading 'onBeforeCompile')
    at customProgramCacheKey (http://localhost:4219/vendor/three.module.js:9183:15)
    at c.customProgramCacheKey (http://localhost:4219/game.js:491:50)
    at Object.getParameters (http://localhost:4219/vendor/three.module.js:20763:36)
    at getProgram (http://localhost:4219/vendor/three.module.js:29915:36)
    at setProgram (http://localhost:4219/vendor/three.module.js:30223:15)
    at WebGLRenderer.renderBufferDirect (http://localhost:4219/vendor/three.module.js:29037:20)
    at renderObject (http://localhost:4219/vendor/three.module.js:29896:11)
    at renderObjects (http://localhost:4219/vendor/three.module.js:29865:6)
    at renderScene (http://localhost:4219/vendor/three.module.js:29708:36)
    at WebGLRenderer.render (http://localhost:4219/vendor/three.module.js:29526:5)
[    1138ms] [ERROR] TypeError: Cannot read properties of undefined (reading 'onBeforeCompile')
    at customProgramCacheKey (http://localhost:4219/vendor/three.module.js:9183:15)
    at c.customProgramCacheKey (http://localhost:4219/game.js:491:50)
    at Object.getParameters (http://localhost:4219/vendor/three.module.js:20763:36)
    at getProgram (http://localhost:4219/vendor/three.module.js:29915:36)
    at setProgram (http://localhost:4219/vendor/three.module.js:30223:15)
    at WebGLRenderer.renderBufferDirect (http://localhost:4219/vendor/three.module.js:29037:20)
    at renderObject (http://localhost:4219/vendor/three.module.js:29896:11)
    at renderObjects (http://localhost:4219/vendor/three.module.js:29865:6)
    at renderScene (http://localhost:4219/vendor/three.module.js:29708:36)
    at WebGLRenderer.render (http://localhost:4219/vendor/three.module.js:29526:5) @ http://localhost:4219/game.js:1031
[    1350ms] TypeError: Cannot read properties of undefined (reading 'onBeforeCompile')
    at customProgramCacheKey (http://localhost:4219/vendor/three.module.js:9183:15)
    at c.customProgramCacheKey (http://localhost:4219/game.js:491:50)
    at Object.getParameters (http://localhost:4219/vendor/three.module.js:20763:36)
    at getProgram (http://localhost:4219/vendor/three.module.js:29915:36)
    at setProgram (http://localhost:4219/vendor/three.module.js:30223:15)
    at WebGLRenderer.renderBufferDirect (http://localhost:4219/vendor/three.module.js:29037:20)
    at renderObject (http://localhost:4219/vendor/three.module.js:29896:11)
    at renderObjects (http://localhost:4219/vendor/three.module.js:29865:6)
    at renderScene (http://localhost:4219/vendor/three.module.js:29708:36)
    at WebGLRenderer.render (http://localhost:4219/vendor/three.module.js:29526:5)
[    1271ms] [ERROR] TypeError: Cannot read properties of undefined (reading 'onBeforeCompile')
    at customProgramCacheKey (http://localhost:4219/vendor/three.module.js:9183:15)
    at c.customProgramCacheKey (http://localhost:4219/game.js:491:50)
    at Object.getParameters (http://localhost:4219/vendor/three.module.js:20763:36)
    at getProgram (http://localhost:4219/vendor/three.module.js:29915:36)
    at setProgram (http://localhost:4219/vendor/three.module.js:30223:15)
    at WebGLRenderer.renderBufferDirect (http://localhost:4219/vendor/three.module.js:29037:20)
    at renderObject (http://localhost:4219/vendor/three.module.js:29896:11)
    at renderObjects (http://localhost:4219/vendor/three.module.js:29865:6)
    at renderScene (http://localhost:4219/vendor/three.module.js:29708:36)
    at WebGLRenderer.render (http://localhost:4219/vendor/three.module.js:29526:5) @ http://localhost:4219/game.js:1031
[    1350ms] TypeError: Cannot read properties of undefined (reading 'onBeforeCompile')
    at customProgramCacheKey (http://localhost:4219/vendor/three.module.js:9183:15)
    at c.customProgramCacheKey (http://localhost:4219/game.js:491:50)
    at Object.getParameters (http://localhost:4219/vendor/three.module.js:20763:36)
    at getProgram (http://localhost:4219/vendor/three.module.js:29915:36)
    at setProgram (http://localhost:4219/vendor/three.module.js:30223:15)
    at WebGLRenderer.renderBufferDirect (http://localhost:4219/vendor/three.module.js:29037:20)
    at renderObject (http://localhost:4219/vendor/three.module.js:29896:11)
    at renderObjects (http://localhost:4219/vendor/three.module.js:29865:6)
    at renderScene (http://localhost:4219/vendor/three.module.js:29708:36)
    at WebGLRenderer.render (http://localhost:4219/vendor/three.module.js:29526:5)
[    1332ms] [ERROR] TypeError: Cannot read properties of undefined (reading 'onBeforeCompile')
    at customProgramCacheKey (http://localhost:4219/vendor/three.module.js:9183:15)
    at c.customProgramCacheKey (http://localhost:4219/game.js:491:50)
    at Object.getParameters (http://localhost:4219/vendor/three.module.js:20763:36)
    at getProgram (http://localhost:4219/vendor/three.module.js:29915:36)
    at setProgram (http://localhost:4219/vendor/three.module.js:30223:15)
    at WebGLRenderer.renderBufferDirect (http://localhost:4219/vendor/three.module.js:29037:20)
    at renderObject (http://localhost:4219/vendor/three.module.js:29896:11)
    at renderObjects (http://localhost:4219/vendor/three.module.js:29865:6)
    at renderScene (http://localhost:4219/vendor/three.module.js:29708:36)
    at WebGLRenderer.render (http://localhost:4219/vendor/three.module.js:29526:5) @ http://localhost:4219/game.js:1031
[    1350ms] TypeError: Cannot read properties of undefined (reading 'onBeforeCompile')
    at customProgramCacheKey (http://localhost:4219/vendor/three.module.js:9183:15)
    at c.customProgramCacheKey (http://localhost:4219/game.js:491:50)
    at Object.getParameters (http://localhost:4219/vendor/three.module.js:20763:36)
    at getProgram (http://localhost:4219/vendor/three.module.js:29915:36)
    at setProgram (http://localhost:4219/vendor/three.module.js:30223:15)
    at WebGLRenderer.renderBufferDirect (http://localhost:4219/vendor/three.module.js:29037:20)
    at renderObject (http://localhost:4219/vendor/three.module.js:29896:11)
    at renderObjects (http://localhost:4219/vendor/three.module.js:29865:6)
    at renderScene (http://localhost:4219/vendor/three.module.js:29708:36)
    at WebGLRenderer.render (http://localhost:4219/vendor/three.module.js:29526:5)
[    1416ms] [ERROR] TypeError: Cannot read properties of undefined (reading 'onBeforeCompile')
    at customProgramCacheKey (http://localhost:4219/vendor/three.module.js:9183:15)
    at c.customProgramCacheKey (http://localhost:4219/game.js:491:50)
    at Object.getParameters (http://localhost:4219/vendor/three.module.js:20763:36)
    at getProgram (http://localhost:4219/vendor/three.module.js:29915:36)
    at setProgram (http://localhost:4219/vendor/three.module.js:30223:15)
    at WebGLRenderer.renderBufferDirect (http://localhost:4219/vendor/three.module.js:29037:20)
    at renderObject (http://localhost:4219/vendor/three.module.js:29896:11)
    at renderObjects (http://localhost:4219/vendor/three.module.js:29865:6)
    at renderScene (http://localhost:4219/vendor/three.module.js:29708:36)
    at WebGLRenderer.render (http://localhost:4219/vendor/three.module.js:29526:5) @ http://localhost:4219/game.js:1031
[    1560ms] TypeError: Cannot read properties of undefined (reading 'onBeforeCompile')
    at customProgramCacheKey (http://localhost:4219/vendor/three.module.js:9183:15)
    at c.customProgramCacheKey (http://localhost:4219/game.js:491:50)
    at Object.getParameters (http://localhost:4219/vendor/three.module.js:20763:36)
    at getProgram (http://localhost:4219/vendor/three.module.js:29915:36)
    at setProgram (http://localhost:4219/vendor/three.module.js:30223:15)
    at WebGLRenderer.renderBufferDirect (http://localhost:4219/vendor/three.module.js:29037:20)
    at renderObject (http://localhost:4219/vendor/three.module.js:29896:11)
    at renderObjects (http://localhost:4219/vendor/three.module.js:29865:6)
    at renderScene (http://localhost:4219/vendor/three.module.js:29708:36)
    at WebGLRenderer.render (http://localhost:4219/vendor/three.module.js:29526:5)
[    1486ms] [ERROR] TypeError: Cannot read properties of undefined (reading 'onBeforeCompile')
    at customProgramCacheKey (http://localhost:4219/vendor/three.module.js:9183:15)
    at c.customProgramCacheKey (http://localhost:4219/game.js:491:50)
    at Object.getParameters (http://localhost:4219/vendor/three.module.js:20763:36)
    at getProgram (http://localhost:4219/vendor/three.module.js:29915:36)
    at setProgram (http://localhost:4219/vendor/three.module.js:30223:15)
    at WebGLRenderer.renderBufferDirect (http://localhost:4219/vendor/three.module.js:29037:20)
    at renderObject (http://localhost:4219/vendor/three.module.js:29896:11)
    at renderObjects (http://localhost:4219/vendor/three.module.js:29865:6)
    at renderScene (http://localhost:4219/vendor/three.module.js:29708:36)
    at WebGLRenderer.render (http://localhost:4219/vendor/three.module.js:29526:5) @ http://localhost:4219/game.js:1031
[    1562ms] TypeError: Cannot read properties of undefined (reading 'onBeforeCompile')
    at customProgramCacheKey (http://localhost:4219/vendor/three.module.js:9183:15)
    at c.customProgramCacheKey (http://localhost:4219/game.js:491:50)
    at Object.getParameters (http://localhost:4219/vendor/three.module.js:20763:36)
    at getProgram (http://localhost:4219/vendor/three.module.js:29915:36)
    at setProgram (http://localhost:4219/vendor/three.module.js:30223:15)
    at WebGLRenderer.renderBufferDirect (http://localhost:4219/vendor/three.module.js:29037:20)
    at renderObject (http://localhost:4219/vendor/three.module.js:29896:11)
    at renderObjects (http://localhost:4219/vendor/three.module.js:29865:6)
    at renderScene (http://localhost:4219/vendor/three.module.js:29708:36)
    at WebGLRenderer.render (http://localhost:4219/vendor/three.module.js:29526:5)
[    1535ms] [ERROR] TypeError: Cannot read properties of undefined (reading 'onBeforeCompile')
    at customProgramCacheKey (http://localhost:4219/vendor/three.module.js:9183:15)
    at c.customProgramCacheKey (http://localhost:4219/game.js:491:50)
    at Object.getParameters (http://localhost:4219/vendor/three.module.js:20763:36)
    at getProgram (http://localhost:4219/vendor/three.module.js:29915:36)
    at setProgram (http://localhost:4219/vendor/three.module.js:30223:15)
    at WebGLRenderer.renderBufferDirect (http://localhost:4219/vendor/three.module.js:29037:20)
    at renderObject (http://localhost:4219/vendor/three.module.js:29896:11)
    at renderObjects (http://localhost:4219/vendor/three.module.js:29865:6)
    at renderScene (http://localhost:4219/vendor/three.module.js:29708:36)
    at WebGLRenderer.render (http://localhost:4219/vendor/three.module.js:29526:5) @ http://localhost:4219/game.js:1031
[    1565ms] TypeError: Cannot read properties of undefined (reading 'onBeforeCompile')
    at customProgramCacheKey (http://localhost:4219/vendor/three.module.js:9183:15)
    at c.customProgramCacheKey (http://localhost:4219/game.js:491:50)
    at Object.getParameters (http://localhost:4219/vendor/three.module.js:20763:36)
    at getProgram (http://localhost:4219/vendor/three.module.js:29915:36)
    at setProgram (http://localhost:4219/vendor/three.module.js:30223:15)
    at WebGLRenderer.renderBufferDirect (http://localhost:4219/vendor/three.module.js:29037:20)
    at renderObject (http://localhost:4219/vendor/three.module.js:29896:11)
    at renderObjects (http://localhost:4219/vendor/three.module.js:29865:6)
    at renderScene (http://localhost:4219/vendor/three.module.js:29708:36)
    at WebGLRenderer.render (http://localhost:4219/vendor/three.module.js:29526:5)
[    1629ms] [ERROR] TypeError: Cannot read properties of undefined (reading 'onBeforeCompile')
    at customProgramCacheKey (http://localhost:4219/vendor/three.module.js:9183:15)
    at c.customProgramCacheKey (http://localhost:4219/game.js:491:50)
    at Object.getParameters (http://localhost:4219/vendor/three.module.js:20763:36)
    at getProgram (http://localhost:4219/vendor/three.module.js:29915:36)
    at setProgram (http://localhost:4219/vendor/three.module.js:30223:15)
    at WebGLRenderer.renderBufferDirect (http://localhost:4219/vendor/three.module.js:29037:20)
    at renderObject (http://localhost:4219/vendor/three.module.js:29896:11)
    at renderObjects (http://localhost:4219/vendor/three.module.js:29865:6)
    at renderScene (http://localhost:4219/vendor/three.module.js:29708:36)
    at WebGLRenderer.render (http://localhost:4219/vendor/three.module.js:29526:5) @ http://localhost:4219/game.js:1031
[    1678ms] TypeError: Cannot read properties of undefined (reading 'onBeforeCompile')
    at customProgramCacheKey (http://localhost:4219/vendor/three.module.js:9183:15)
    at c.customProgramCacheKey (http://localhost:4219/game.js:491:50)
    at Object.getParameters (http://localhost:4219/vendor/three.module.js:20763:36)
    at getProgram (http://localhost:4219/vendor/three.module.js:29915:36)
    at setProgram (http://localhost:4219/vendor/three.module.js:30223:15)
    at WebGLRenderer.renderBufferDirect (http://localhost:4219/vendor/three.module.js:29037:20)
    at renderObject (http://localhost:4219/vendor/three.module.js:29896:11)
    at renderObjects (http://localhost:4219/vendor/three.module.js:29865:6)
    at renderScene (http://localhost:4219/vendor/three.module.js:29708:36)
    at WebGLRenderer.render (http://localhost:4219/vendor/three.module.js:29526:5)
[    1718ms] [ERROR] TypeError: Cannot read properties of undefined (reading 'onBeforeCompile')
    at customProgramCacheKey (http://localhost:4219/vendor/three.module.js:9183:15)
    at c.customProgramCacheKey (http://localhost:4219/game.js:491:50)
    at Object.getParameters (http://localhost:4219/vendor/three.module.js:20763:36)
    at getProgram (http://localhost:4219/vendor/three.module.js:29915:36)
    at setProgram (http://localhost:4219/vendor/three.module.js:30223:15)
    at WebGLRenderer.renderBufferDirect (http://localhost:4219/vendor/three.module.js:29037:20)
    at renderObject (http://localhost:4219/vendor/three.module.js:29896:11)
    at renderObjects (http://localhost:4219/vendor/three.module.js:29865:6)
    at renderScene (http://localhost:4219/vendor/three.module.js:29708:36)
    at WebGLRenderer.render (http://localhost:4219/vendor/three.module.js:29526:5) @ http://localhost:4219/game.js:1031
[    1722ms] TypeError: Cannot read properties of undefined (reading 'onBeforeCompile')
    at customProgramCacheKey (http://localhost:4219/vendor/three.module.js:9183:15)
    at c.customProgramCacheKey (http://localhost:4219/game.js:491:50)
    at Object.getParameters (http://localhost:4219/vendor/three.module.js:20763:36)
    at getProgram (http://localhost:4219/vendor/three.module.js:29915:36)
    at setProgram (http://localhost:4219/vendor/three.module.js:30223:15)
    at WebGLRenderer.renderBufferDirect (http://localhost:4219/vendor/three.module.js:29037:20)
    at renderObject (http://localhost:4219/vendor/three.module.js:29896:11)
    at renderObjects (http://localhost:4219/vendor/three.module.js:29865:6)
    at renderScene (http://localhost:4219/vendor/three.module.js:29708:36)
    at WebGLRenderer.render (http://localhost:4219/vendor/three.module.js:29526:5)
[    1817ms] [ERROR] TypeError: Cannot read properties of undefined (reading 'onBeforeCompile')
    at customProgramCacheKey (http://localhost:4219/vendor/three.module.js:9183:15)
    at c.customProgramCacheKey (http://localhost:4219/game.js:491:50)
    at Object.getParameters (http://localhost:4219/vendor/three.module.js:20763:36)
    at getProgram (http://localhost:4219/vendor/three.module.js:29915:36)
    at setProgram (http://localhost:4219/vendor/three.module.js:30223:15)
    at WebGLRenderer.renderBufferDirect (http://localhost:4219/vendor/three.module.js:29037:20)
    at renderObject (http://localhost:4219/vendor/three.module.js:29896:11)
    at renderObjects (http://localhost:4219/vendor/three.module.js:29865:6)
    at renderScene (http://localhost:4219/vendor/three.module.js:29708:36)
    at WebGLRenderer.render (http://localhost:4219/vendor/three.module.js:29526:5) @ http://localhost:4219/game.js:1031
[    1820ms] TypeError: Cannot read properties of undefined (reading 'onBeforeCompile')
    at customProgramCacheKey (http://localhost:4219/vendor/three.module.js:9183:15)
    at c.customProgramCacheKey (http://localhost:4219/game.js:491:50)
    at Object.getParameters (http://localhost:4219/vendor/three.module.js:20763:36)
    at getProgram (http://localhost:4219/vendor/three.module.js:29915:36)
    at setProgram (http://localhost:4219/vendor/three.module.js:30223:15)
    at WebGLRenderer.renderBufferDirect (http://localhost:4219/vendor/three.module.js:29037:20)
    at renderObject (http://localhost:4219/vendor/three.module.js:29896:11)
    at renderObjects (http://localhost:4219/vendor/three.module.js:29865:6)
    at renderScene (http://localhost:4219/vendor/three.module.js:29708:36)
    at WebGLRenderer.render (http://localhost:4219/vendor/three.module.js:29526:5)
[    1902ms] [ERROR] TypeError: Cannot read properties of undefined (reading 'onBeforeCompile')
    at customProgramCacheKey (http://localhost:4219/vendor/three.module.js:9183:15)
    at c.customProgramCacheKey (http://localhost:4219/game.js:491:50)
    at Object.getParameters (http://localhost:4219/vendor/three.module.js:20763:36)
    at getProgram (http://localhost:4219/vendor/three.module.js:29915:36)
    at setProgram (http://localhost:4219/vendor/three.module.js:30223:15)
    at WebGLRenderer.renderBufferDirect (http://localhost:4219/vendor/three.module.js:29037:20)
    at renderObject (http://localhost:4219/vendor/three.module.js:29896:11)
    at renderObjects (http://localhost:4219/vendor/three.module.js:29865:6)
    at renderScene (http://localhost:4219/vendor/three.module.js:29708:36)
    at WebGLRenderer.render (http://localhost:4219/vendor/three.module.js:29526:5) @ http://localhost:4219/game.js:1031
[    1914ms] TypeError: Cannot read properties of undefined (reading 'onBeforeCompile')
    at customProgramCacheKey (http://localhost:4219/vendor/three.module.js:9183:15)
    at c.customProgramCacheKey (http://localhost:4219/game.js:491:50)
    at Object.getParameters (http://localhost:4219/vendor/three.module.js:20763:36)
    at getProgram (http://localhost:4219/vendor/three.module.js:29915:36)
    at setProgram (http://localhost:4219/vendor/three.module.js:30223:15)
    at WebGLRenderer.renderBufferDirect (http://localhost:4219/vendor/three.module.js:29037:20)
    at renderObject (http://localhost:4219/vendor/three.module.js:29896:11)
    at renderObjects (http://localhost:4219/vendor/three.module.js:29865:6)
    at renderScene (http://localhost:4219/vendor/three.module.js:29708:36)
    at WebGLRenderer.render (http://localhost:4219/vendor/three.module.js:29526:5)
[    1987ms] [ERROR] TypeError: Cannot read properties of undefined (reading 'onBeforeCompile')
    at customProgramCacheKey (http://localhost:4219/vendor/three.module.js:9183:15)
    at c.customProgramCacheKey (http://localhost:4219/game.js:491:50)
    at Object.getParameters (http://localhost:4219/vendor/three.module.js:20763:36)
    at getProgram (http://localhost:4219/vendor/three.module.js:29915:36)
    at setProgram (http://localhost:4219/vendor/three.module.js:30223:15)
    at WebGLRenderer.renderBufferDirect (http://localhost:4219/vendor/three.module.js:29037:20)
    at renderObject (http://localhost:4219/vendor/three.module.js:29896:11)
    at renderObjects (http://localhost:4219/vendor/three.module.js:29865:6)
    at renderScene (http://localhost:4219/vendor/three.module.js:29708:36)
    at WebGLRenderer.render (http://localhost:4219/vendor/three.module.js:29526:5) @ http://localhost:4219/game.js:1031
[    2010ms] TypeError: Cannot read properties of undefined (reading 'onBeforeCompile')
    at customProgramCacheKey (http://localhost:4219/vendor/three.module.js:9183:15)
    at c.customProgramCacheKey (http://localhost:4219/game.js:491:50)
    at Object.getParameters (http://localhost:4219/vendor/three.module.js:20763:36)
    at getProgram (http://localhost:4219/vendor/three.module.js:29915:36)
    at setProgram (http://localhost:4219/vendor/three.module.js:30223:15)
    at WebGLRenderer.renderBufferDirect (http://localhost:4219/vendor/three.module.js:29037:20)
    at renderObject (http://localhost:4219/vendor/three.module.js:29896:11)
    at renderObjects (http://localhost:4219/vendor/three.module.js:29865:6)
    at renderScene (http://localhost:4219/vendor/three.module.js:29708:36)
    at WebGLRenderer.render (http://localhost:4219/vendor/three.module.js:29526:5)
[    2111ms] [ERROR] TypeError: Cannot read properties of undefined (reading 'onBeforeCompile')
    at customProgramCacheKey (http://localhost:4219/vendor/three.module.js:9183:15)
    at c.customProgramCacheKey (http://localhost:4219/game.js:491:50)
    at Object.getParameters (http://localhost:4219/vendor/three.module.js:20763:36)
    at getProgram (http://localhost:4219/vendor/three.module.js:29915:36)
    at setProgram (http://localhost:4219/vendor/three.module.js:30223:15)
    at WebGLRenderer.renderBufferDirect (http://localhost:4219/vendor/three.module.js:29037:20)
    at renderObject (http://localhost:4219/vendor/three.module.js:29896:11)
    at renderObjects (http://localhost:4219/vendor/three.module.js:29865:6)
    at renderScene (http://localhost:4219/vendor/three.module.js:29708:36)
    at WebGLRenderer.render (http://localhost:4219/vendor/three.module.js:29526:5) @ http://localhost:4219/game.js:1031
[    2115ms] TypeError: Cannot read properties of undefined (reading 'onBeforeCompile')
    at customProgramCacheKey (http://localhost:4219/vendor/three.module.js:9183:15)
    at c.customProgramCacheKey (http://localhost:4219/game.js:491:50)
    at Object.getParameters (http://localhost:4219/vendor/three.module.js:20763:36)
    at getProgram (http://localhost:4219/vendor/three.module.js:29915:36)
    at setProgram (http://localhost:4219/vendor/three.module.js:30223:15)
    at WebGLRenderer.renderBufferDirect (http://localhost:4219/vendor/three.module.js:29037:20)
    at renderObject (http://localhost:4219/vendor/three.module.js:29896:11)
    at renderObjects (http://localhost:4219/vendor/three.module.js:29865:6)
    at renderScene (http://localhost:4219/vendor/three.module.js:29708:36)
    at WebGLRenderer.render (http://localhost:4219/vendor/three.module.js:29526:5)
[    2169ms] [ERROR] TypeError: Cannot read properties of undefined (reading 'onBeforeCompile')
    at customProgramCacheKey (http://localhost:4219/vendor/three.module.js:9183:15)
    at c.customProgramCacheKey (http://localhost:4219/game.js:491:50)
    at Object.getParameters (http://localhost:4219/vendor/three.module.js:20763:36)
    at getProgram (http://localhost:4219/vendor/three.module.js:29915:36)
    at setProgram (http://localhost:4219/vendor/three.module.js:30223:15)
    at WebGLRenderer.renderBufferDirect (http://localhost:4219/vendor/three.module.js:29037:20)
    at renderObject (http://localhost:4219/vendor/three.module.js:29896:11)
    at renderObjects (http://localhost:4219/vendor/three.module.js:29865:6)
    at renderScene (http://localhost:4219/vendor/three.module.js:29708:36)
    at WebGLRenderer.render (http://localhost:4219/vendor/three.module.js:29526:5) @ http://localhost:4219/game.js:1031
[    2182ms] TypeError: Cannot read properties of undefined (reading 'onBeforeCompile')
    at customProgramCacheKey (http://localhost:4219/vendor/three.module.js:9183:15)
    at c.customProgramCacheKey (http://localhost:4219/game.js:491:50)
    at Object.getParameters (http://localhost:4219/vendor/three.module.js:20763:36)
    at getProgram (http://localhost:4219/vendor/three.module.js:29915:36)
    at setProgram (http://localhost:4219/vendor/three.module.js:30223:15)
    at WebGLRenderer.renderBufferDirect (http://localhost:4219/vendor/three.module.js:29037:20)
    at renderObject (http://localhost:4219/vendor/three.module.js:29896:11)
    at renderObjects (http://localhost:4219/vendor/three.module.js:29865:6)
    at renderScene (http://localhost:4219/vendor/three.module.js:29708:36)
    at WebGLRenderer.render (http://localhost:4219/vendor/three.module.js:29526:5)
[    2221ms] [ERROR] TypeError: Cannot read properties of undefined (reading 'onBeforeCompile')
    at customProgramCacheKey (http://localhost:4219/vendor/three.module.js:9183:15)
    at c.customProgramCacheKey (http://localhost:4219/game.js:491:50)
    at Object.getParameters (http://localhost:4219/vendor/three.module.js:20763:36)
    at getProgram (http://localhost:4219/vendor/three.module.js:29915:36)
    at setProgram (http://localhost:4219/vendor/three.module.js:30223:15)
    at WebGLRenderer.renderBufferDirect (http://localhost:4219/vendor/three.module.js:29037:20)
    at renderObject (http://localhost:4219/vendor/three.module.js:29896:11)
    at renderObjects (http://localhost:4219/vendor/three.module.js:29865:6)
    at renderScene (http://localhost:4219/vendor/three.module.js:29708:36)
    at WebGLRenderer.render (http://localhost:4219/vendor/three.module.js:29526:5) @ http://localhost:4219/game.js:1031
[    2235ms] TypeError: Cannot read properties of undefined (reading 'onBeforeCompile')
    at customProgramCacheKey (http://localhost:4219/vendor/three.module.js:9183:15)
    at c.customProgramCacheKey (http://localhost:4219/game.js:491:50)
    at Object.getParameters (http://localhost:4219/vendor/three.module.js:20763:36)
    at getProgram (http://localhost:4219/vendor/three.module.js:29915:36)
    at setProgram (http://localhost:4219/vendor/three.module.js:30223:15)
    at WebGLRenderer.renderBufferDirect (http://localhost:4219/vendor/three.module.js:29037:20)
    at renderObject (http://localhost:4219/vendor/three.module.js:29896:11)
    at renderObjects (http://localhost:4219/vendor/three.module.js:29865:6)
    at renderScene (http://localhost:4219/vendor/three.module.js:29708:36)
    at WebGLRenderer.render (http://localhost:4219/vendor/three.module.js:29526:5)
[    2264ms] [ERROR] TypeError: Cannot read properties of undefined (reading 'onBeforeCompile')
    at customProgramCacheKey (http://localhost:4219/vendor/three.module.js:9183:15)
    at c.customProgramCacheKey (http://localhost:4219/game.js:491:50)
    at Object.getParameters (http://localhost:4219/vendor/three.module.js:20763:36)
    at getProgram (http://localhost:4219/vendor/three.module.js:29915:36)
    at setProgram (http://localhost:4219/vendor/three.module.js:30223:15)
    at WebGLRenderer.renderBufferDirect (http://localhost:4219/vendor/three.module.js:29037:20)
    at renderObject (http://localhost:4219/vendor/three.module.js:29896:11)
    at renderObjects (http://localhost:4219/vendor/three.module.js:29865:6)
    at renderScene (http://localhost:4219/vendor/three.module.js:29708:36)
    at WebGLRenderer.render (http://localhost:4219/vendor/three.module.js:29526:5) @ http://localhost:4219/game.js:1031
[    2275ms] TypeError: Cannot read properties of undefined (reading 'onBeforeCompile')
    at customProgramCacheKey (http://localhost:4219/vendor/three.module.js:9183:15)
    at c.customProgramCacheKey (http://localhost:4219/game.js:491:50)
    at Object.getParameters (http://localhost:4219/vendor/three.module.js:20763:36)
    at getProgram (http://localhost:4219/vendor/three.module.js:29915:36)
    at setProgram (http://localhost:4219/vendor/three.module.js:30223:15)
    at WebGLRenderer.renderBufferDirect (http://localhost:4219/vendor/three.module.js:29037:20)
    at renderObject (http://localhost:4219/vendor/three.module.js:29896:11)
    at renderObjects (http://localhost:4219/vendor/three.module.js:29865:6)
    at renderScene (http://localhost:4219/vendor/three.module.js:29708:36)
    at WebGLRenderer.render (http://localhost:4219/vendor/three.module.js:29526:5)
[    2336ms] [ERROR] TypeError: Cannot read properties of undefined (reading 'onBeforeCompile')
    at customProgramCacheKey (http://localhost:4219/vendor/three.module.js:9183:15)
    at c.customProgramCacheKey (http://localhost:4219/game.js:491:50)
    at Object.getParameters (http://localhost:4219/vendor/three.module.js:20763:36)
    at getProgram (http://localhost:4219/vendor/three.module.js:29915:36)
    at setProgram (http://localhost:4219/vendor/three.module.js:30223:15)
    at WebGLRenderer.renderBufferDirect (http://localhost:4219/vendor/three.module.js:29037:20)
    at renderObject (http://localhost:4219/vendor/three.module.js:29896:11)
    at renderObjects (http://localhost:4219/vendor/three.module.js:29865:6)
    at renderScene (http://localhost:4219/vendor/three.module.js:29708:36)
    at WebGLRenderer.render (http://localhost:4219/vendor/three.module.js:29526:5) @ http://localhost:4219/game.js:1031
[    2399ms] TypeError: Cannot read properties of undefined (reading 'onBeforeCompile')
    at customProgramCacheKey (http://localhost:4219/vendor/three.module.js:9183:15)
    at c.customProgramCacheKey (http://localhost:4219/game.js:491:50)
    at Object.getParameters (http://localhost:4219/vendor/three.module.js:20763:36)
    at getProgram (http://localhost:4219/vendor/three.module.js:29915:36)
    at setProgram (http://localhost:4219/vendor/three.module.js:30223:15)
    at WebGLRenderer.renderBufferDirect (http://localhost:4219/vendor/three.module.js:29037:20)
    at renderObject (http://localhost:4219/vendor/three.module.js:29896:11)
    at renderObjects (http://localhost:4219/vendor/three.module.js:29865:6)
    at renderScene (http://localhost:4219/vendor/three.module.js:29708:36)
    at WebGLRenderer.render (http://localhost:4219/vendor/three.module.js:29526:5)
[    2448ms] [ERROR] TypeError: Cannot read properties of undefined (reading 'onBeforeCompile')
    at customProgramCacheKey (http://localhost:4219/vendor/three.module.js:9183:15)
    at c.customProgramCacheKey (http://localhost:4219/game.js:491:50)
    at Object.getParameters (http://localhost:4219/vendor/three.module.js:20763:36)
    at getProgram (http://localhost:4219/vendor/three.module.js:29915:36)
    at setProgram (http://localhost:4219/vendor/three.module.js:30223:15)
    at WebGLRenderer.renderBufferDirect (http://localhost:4219/vendor/three.module.js:29037:20)
    at renderObject (http://localhost:4219/vendor/three.module.js:29896:11)
    at renderObjects (http://localhost:4219/vendor/three.module.js:29865:6)
    at renderScene (http://localhost:4219/vendor/three.module.js:29708:36)
    at WebGLRenderer.render (http://localhost:4219/vendor/three.module.js:29526:5) @ http://localhost:4219/game.js:1031
[    2537ms] TypeError: Cannot read properties of undefined (reading 'onBeforeCompile')
    at customProgramCacheKey (http://localhost:4219/vendor/three.module.js:9183:15)
    at c.customProgramCacheKey (http://localhost:4219/game.js:491:50)
    at Object.getParameters (http://localhost:4219/vendor/three.module.js:20763:36)
    at getProgram (http://localhost:4219/vendor/three.module.js:29915:36)
    at setProgram (http://localhost:4219/vendor/three.module.js:30223:15)
    at WebGLRenderer.renderBufferDirect (http://localhost:4219/vendor/three.module.js:29037:20)
    at renderObject (http://localhost:4219/vendor/three.module.js:29896:11)
    at renderObjects (http://localhost:4219/vendor/three.module.js:29865:6)
    at renderScene (http://localhost:4219/vendor/three.module.js:29708:36)
    at WebGLRenderer.render (http://localhost:4219/vendor/three.module.js:29526:5)
[    2517ms] [ERROR] TypeError: Cannot read properties of undefined (reading 'onBeforeCompile')
    at customProgramCacheKey (http://localhost:4219/vendor/three.module.js:9183:15)
    at c.customProgramCacheKey (http://localhost:4219/game.js:491:50)
    at Object.getParameters (http://localhost:4219/vendor/three.module.js:20763:36)
    at getProgram (http://localhost:4219/vendor/three.module.js:29915:36)
    at setProgram (http://localhost:4219/vendor/three.module.js:30223:15)
    at WebGLRenderer.renderBufferDirect (http://localhost:4219/vendor/three.module.js:29037:20)
    at renderObject (http://localhost:4219/vendor/three.module.js:29896:11)
    at renderObjects (http://localhost:4219/vendor/three.module.js:29865:6)
    at renderScene (http://localhost:4219/vendor/three.module.js:29708:36)
    at WebGLRenderer.render (http://localhost:4219/vendor/three.module.js:29526:5) @ http://localhost:4219/game.js:1031
[    2545ms] TypeError: Cannot read properties of undefined (reading 'onBeforeCompile')
    at customProgramCacheKey (http://localhost:4219/vendor/three.module.js:9183:15)
    at c.customProgramCacheKey (http://localhost:4219/game.js:491:50)
    at Object.getParameters (http://localhost:4219/vendor/three.module.js:20763:36)
    at getProgram (http://localhost:4219/vendor/three.module.js:29915:36)
    at setProgram (http://localhost:4219/vendor/three.module.js:30223:15)
    at WebGLRenderer.renderBufferDirect (http://localhost:4219/vendor/three.module.js:29037:20)
    at renderObject (http://localhost:4219/vendor/three.module.js:29896:11)
    at renderObjects (http://localhost:4219/vendor/three.module.js:29865:6)
    at renderScene (http://localhost:4219/vendor/three.module.js:29708:36)
    at WebGLRenderer.render (http://localhost:4219/vendor/three.module.js:29526:5)
[    2596ms] [ERROR] TypeError: Cannot read properties of undefined (reading 'onBeforeCompile')
    at customProgramCacheKey (http://localhost:4219/vendor/three.module.js:9183:15)
    at c.customProgramCacheKey (http://localhost:4219/game.js:491:50)
    at Object.getParameters (http://localhost:4219/vendor/three.module.js:20763:36)
    at getProgram (http://localhost:4219/vendor/three.module.js:29915:36)
    at setProgram (http://localhost:4219/vendor/three.module.js:30223:15)
    at WebGLRenderer.renderBufferDirect (http://localhost:4219/vendor/three.module.js:29037:20)
    at renderObject (http://localhost:4219/vendor/three.module.js:29896:11)
    at renderObjects (http://localhost:4219/vendor/three.module.js:29865:6)
    at renderScene (http://localhost:4219/vendor/three.module.js:29708:36)
    at WebGLRenderer.render (http://localhost:4219/vendor/three.module.js:29526:5) @ http://localhost:4219/game.js:1031
[    2678ms] TypeError: Cannot read properties of undefined (reading 'onBeforeCompile')
    at customProgramCacheKey (http://localhost:4219/vendor/three.module.js:9183:15)
    at c.customProgramCacheKey (http://localhost:4219/game.js:491:50)
    at Object.getParameters (http://localhost:4219/vendor/three.module.js:20763:36)
    at getProgram (http://localhost:4219/vendor/three.module.js:29915:36)
    at setProgram (http://localhost:4219/vendor/three.module.js:30223:15)
    at WebGLRenderer.renderBufferDirect (http://localhost:4219/vendor/three.module.js:29037:20)
    at renderObject (http://localhost:4219/vendor/three.module.js:29896:11)
    at renderObjects (http://localhost:4219/vendor/three.module.js:29865:6)
    at renderScene (http://localhost:4219/vendor/three.module.js:29708:36)
    at WebGLRenderer.render (http://localhost:4219/vendor/three.module.js:29526:5)
[    2632ms] [ERROR] TypeError: Cannot read properties of undefined (reading 'onBeforeCompile')
    at customProgramCacheKey (http://localhost:4219/vendor/three.module.js:9183:15)
    at c.customProgramCacheKey (http://localhost:4219/game.js:491:50)
    at Object.getParameters (http://localhost:4219/vendor/three.module.js:20763:36)
    at getProgram (http://localhost:4219/vendor/three.module.js:29915:36)
    at setProgram (http://localhost:4219/vendor/three.module.js:30223:15)
    at WebGLRenderer.renderBufferDirect (http://localhost:4219/vendor/three.module.js:29037:20)
    at renderObject (http://localhost:4219/vendor/three.module.js:29896:11)
    at renderObjects (http://localhost:4219/vendor/three.module.js:29865:6)
    at renderScene (http://localhost:4219/vendor/three.module.js:29708:36)
    at WebGLRenderer.render (http://localhost:4219/vendor/three.module.js:29526:5) @ http://localhost:4219/game.js:1031
[    2679ms] TypeError: Cannot read properties of undefined (reading 'onBeforeCompile')
    at customProgramCacheKey (http://localhost:4219/vendor/three.module.js:9183:15)
    at c.customProgramCacheKey (http://localhost:4219/game.js:491:50)
    at Object.getParameters (http://localhost:4219/vendor/three.module.js:20763:36)
    at getProgram (http://localhost:4219/vendor/three.module.js:29915:36)
    at setProgram (http://localhost:4219/vendor/three.module.js:30223:15)
    at WebGLRenderer.renderBufferDirect (http://localhost:4219/vendor/three.module.js:29037:20)
    at renderObject (http://localhost:4219/vendor/three.module.js:29896:11)
    at renderObjects (http://localhost:4219/vendor/three.module.js:29865:6)
    at renderScene (http://localhost:4219/vendor/three.module.js:29708:36)
    at WebGLRenderer.render (http://localhost:4219/vendor/three.module.js:29526:5)
[    2728ms] [ERROR] TypeError: Cannot read properties of undefined (reading 'onBeforeCompile')
    at customProgramCacheKey (http://localhost:4219/vendor/three.module.js:9183:15)
    at c.customProgramCacheKey (http://localhost:4219/game.js:491:50)
    at Object.getParameters (http://localhost:4219/vendor/three.module.js:20763:36)
    at getProgram (http://localhost:4219/vendor/three.module.js:29915:36)
    at setProgram (http://localhost:4219/vendor/three.module.js:30223:15)
    at WebGLRenderer.renderBufferDirect (http://localhost:4219/vendor/three.module.js:29037:20)
    at renderObject (http://localhost:4219/vendor/three.module.js:29896:11)
    at renderObjects (http://localhost:4219/vendor/three.module.js:29865:6)
    at renderScene (http://localhost:4219/vendor/three.module.js:29708:36)
    at WebGLRenderer.render (http://localhost:4219/vendor/three.module.js:29526:5) @ http://localhost:4219/game.js:1031
[    2893ms] TypeError: Cannot read properties of undefined (reading 'onBeforeCompile')
    at customProgramCacheKey (http://localhost:4219/vendor/three.module.js:9183:15)
    at c.customProgramCacheKey (http://localhost:4219/game.js:491:50)
    at Object.getParameters (http://localhost:4219/vendor/three.module.js:20763:36)
    at getProgram (http://localhost:4219/vendor/three.module.js:29915:36)
    at setProgram (http://localhost:4219/vendor/three.module.js:30223:15)
    at WebGLRenderer.renderBufferDirect (http://localhost:4219/vendor/three.module.js:29037:20)
    at renderObject (http://localhost:4219/vendor/three.module.js:29896:11)
    at renderObjects (http://localhost:4219/vendor/three.module.js:29865:6)
    at renderScene (http://localhost:4219/vendor/three.module.js:29708:36)
    at WebGLRenderer.render (http://localhost:4219/vendor/three.module.js:29526:5)
[    2782ms] [ERROR] TypeError: Cannot read properties of undefined (reading 'onBeforeCompile')
    at customProgramCacheKey (http://localhost:4219/vendor/three.module.js:9183:15)
    at c.customProgramCacheKey (http://localhost:4219/game.js:491:50)
    at Object.getParameters (http://localhost:4219/vendor/three.module.js:20763:36)
    at getProgram (http://localhost:4219/vendor/three.module.js:29915:36)
    at setProgram (http://localhost:4219/vendor/three.module.js:30223:15)
    at WebGLRenderer.renderBufferDirect (http://localhost:4219/vendor/three.module.js:29037:20)
    at renderObject (http://localhost:4219/vendor/three.module.js:29896:11)
    at renderObjects (http://localhost:4219/vendor/three.module.js:29865:6)
    at renderScene (http://localhost:4219/vendor/three.module.js:29708:36)
    at WebGLRenderer.render (http://localhost:4219/vendor/three.module.js:29526:5) @ http://localhost:4219/game.js:1031
[    2898ms] TypeError: Cannot read properties of undefined (reading 'onBeforeCompile')
    at customProgramCacheKey (http://localhost:4219/vendor/three.module.js:9183:15)
    at c.customProgramCacheKey (http://localhost:4219/game.js:491:50)
    at Object.getParameters (http://localhost:4219/vendor/three.module.js:20763:36)
    at getProgram (http://localhost:4219/vendor/three.module.js:29915:36)
    at setProgram (http://localhost:4219/vendor/three.module.js:30223:15)
    at WebGLRenderer.renderBufferDirect (http://localhost:4219/vendor/three.module.js:29037:20)
    at renderObject (http://localhost:4219/vendor/three.module.js:29896:11)
    at renderObjects (http://localhost:4219/vendor/three.module.js:29865:6)
    at renderScene (http://localhost:4219/vendor/three.module.js:29708:36)
    at WebGLRenderer.render (http://localhost:4219/vendor/three.module.js:29526:5)
[    2885ms] [ERROR] TypeError: Cannot read properties of undefined (reading 'onBeforeCompile')
    at customProgramCacheKey (http://localhost:4219/vendor/three.module.js:9183:15)
    at c.customProgramCacheKey (http://localhost:4219/game.js:491:50)
    at Object.getParameters (http://localhost:4219/vendor/three.module.js:20763:36)
    at getProgram (http://localhost:4219/vendor/three.module.js:29915:36)
    at setProgram (http://localhost:4219/vendor/three.module.js:30223:15)
    at WebGLRenderer.renderBufferDirect (http://localhost:4219/vendor/three.module.js:29037:20)
    at renderObject (http://localhost:4219/vendor/three.module.js:29896:11)
    at renderObjects (http://localhost:4219/vendor/three.module.js:29865:6)
    at renderScene (http://localhost:4219/vendor/three.module.js:29708:36)
    at WebGLRenderer.render (http://localhost:4219/vendor/three.module.js:29526:5) @ http://localhost:4219/game.js:1031
[    2899ms] TypeError: Cannot read properties of undefined (reading 'onBeforeCompile')
    at customProgramCacheKey (http://localhost:4219/vendor/three.module.js:9183:15)
    at c.customProgramCacheKey (http://localhost:4219/game.js:491:50)
    at Object.getParameters (http://localhost:4219/vendor/three.module.js:20763:36)
    at getProgram (http://localhost:4219/vendor/three.module.js:29915:36)
    at setProgram (http://localhost:4219/vendor/three.module.js:30223:15)
    at WebGLRenderer.renderBufferDirect (http://localhost:4219/vendor/three.module.js:29037:20)
    at renderObject (http://localhost:4219/vendor/three.module.js:29896:11)
    at renderObjects (http://localhost:4219/vendor/three.module.js:29865:6)
    at renderScene (http://localhost:4219/vendor/three.module.js:29708:36)
    at WebGLRenderer.render (http://localhost:4219/vendor/three.module.js:29526:5)
[    2998ms] [ERROR] TypeError: Cannot read properties of undefined (reading 'onBeforeCompile')
    at customProgramCacheKey (http://localhost:4219/vendor/three.module.js:9183:15)
    at c.customProgramCacheKey (http://localhost:4219/game.js:491:50)
    at Object.getParameters (http://localhost:4219/vendor/three.module.js:20763:36)
    at getProgram (http://localhost:4219/vendor/three.module.js:29915:36)
    at setProgram (http://localhost:4219/vendor/three.module.js:30223:15)
    at WebGLRenderer.renderBufferDirect (http://localhost:4219/vendor/three.module.js:29037:20)
    at renderObject (http://localhost:4219/vendor/three.module.js:29896:11)
    at renderObjects (http://localhost:4219/vendor/three.module.js:29865:6)
    at renderScene (http://localhost:4219/vendor/three.module.js:29708:36)
    at WebGLRenderer.render (http://localhost:4219/vendor/three.module.js:29526:5) @ http://localhost:4219/game.js:1031
[    3096ms] TypeError: Cannot read properties of undefined (reading 'onBeforeCompile')
    at customProgramCacheKey (http://localhost:4219/vendor/three.module.js:9183:15)
    at c.customProgramCacheKey (http://localhost:4219/game.js:491:50)
    at Object.getParameters (http://localhost:4219/vendor/three.module.js:20763:36)
    at getProgram (http://localhost:4219/vendor/three.module.js:29915:36)
    at setProgram (http://localhost:4219/vendor/three.module.js:30223:15)
    at WebGLRenderer.renderBufferDirect (http://localhost:4219/vendor/three.module.js:29037:20)
    at renderObject (http://localhost:4219/vendor/three.module.js:29896:11)
    at renderObjects (http://localhost:4219/vendor/three.module.js:29865:6)
    at renderScene (http://localhost:4219/vendor/three.module.js:29708:36)
    at WebGLRenderer.render (http://localhost:4219/vendor/three.module.js:29526:5)
[    3046ms] [ERROR] TypeError: Cannot read properties of undefined (reading 'onBeforeCompile')
    at customProgramCacheKey (http://localhost:4219/vendor/three.module.js:9183:15)
    at c.customProgramCacheKey (http://localhost:4219/game.js:491:50)
    at Object.getParameters (http://localhost:4219/vendor/three.module.js:20763:36)
    at getProgram (http://localhost:4219/vendor/three.module.js:29915:36)
    at setProgram (http://localhost:4219/vendor/three.module.js:30223:15)
    at WebGLRenderer.renderBufferDirect (http://localhost:4219/vendor/three.module.js:29037:20)
    at renderObject (http://localhost:4219/vendor/three.module.js:29896:11)
    at renderObjects (http://localhost:4219/vendor/three.module.js:29865:6)
    at renderScene (http://localhost:4219/vendor/three.module.js:29708:36)
    at WebGLRenderer.render (http://localhost:4219/vendor/three.module.js:29526:5) @ http://localhost:4219/game.js:1031
[    3097ms] TypeError: Cannot read properties of undefined (reading 'onBeforeCompile')
    at customProgramCacheKey (http://localhost:4219/vendor/three.module.js:9183:15)
    at c.customProgramCacheKey (http://localhost:4219/game.js:491:50)
    at Object.getParameters (http://localhost:4219/vendor/three.module.js:20763:36)
    at getProgram (http://localhost:4219/vendor/three.module.js:29915:36)
    at setProgram (http://localhost:4219/vendor/three.module.js:30223:15)
    at WebGLRenderer.renderBufferDirect (http://localhost:4219/vendor/three.module.js:29037:20)
    at renderObject (http://localhost:4219/vendor/three.module.js:29896:11)
    at renderObjects (http://localhost:4219/vendor/three.module.js:29865:6)
    at renderScene (http://localhost:4219/vendor/three.module.js:29708:36)
    at WebGLRenderer.render (http://localhost:4219/vendor/three.module.js:29526:5)
[    3080ms] [ERROR] TypeError: Cannot read properties of undefined (reading 'onBeforeCompile')
    at customProgramCacheKey (http://localhost:4219/vendor/three.module.js:9183:15)
    at c.customProgramCacheKey (http://localhost:4219/game.js:491:50)
    at Object.getParameters (http://localhost:4219/vendor/three.module.js:20763:36)
    at getProgram (http://localhost:4219/vendor/three.module.js:29915:36)
    at setProgram (http://localhost:4219/vendor/three.module.js:30223:15)
    at WebGLRenderer.renderBufferDirect (http://localhost:4219/vendor/three.module.js:29037:20)
    at renderObject (http://localhost:4219/vendor/three.module.js:29896:11)
    at renderObjects (http://localhost:4219/vendor/three.module.js:29865:6)
    at renderScene (http://localhost:4219/vendor/three.module.js:29708:36)
    at WebGLRenderer.render (http://localhost:4219/vendor/three.module.js:29526:5) @ http://localhost:4219/game.js:1031
[    3230ms] TypeError: Cannot read properties of undefined (reading 'onBeforeCompile')
    at customProgramCacheKey (http://localhost:4219/vendor/three.module.js:9183:15)
    at c.customProgramCacheKey (http://localhost:4219/game.js:491:50)
    at Object.getParameters (http://localhost:4219/vendor/three.module.js:20763:36)
    at getProgram (http://localhost:4219/vendor/three.module.js:29915:36)
    at setProgram (http://localhost:4219/vendor/three.module.js:30223:15)
    at WebGLRenderer.renderBufferDirect (http://localhost:4219/vendor/three.module.js:29037:20)
    at renderObject (http://localhost:4219/vendor/three.module.js:29896:11)
    at renderObjects (http://localhost:4219/vendor/three.module.js:29865:6)
    at renderScene (http://localhost:4219/vendor/three.module.js:29708:36)
    at WebGLRenderer.render (http://localhost:4219/vendor/three.module.js:29526:5)
[    3147ms] [ERROR] TypeError: Cannot read properties of undefined (reading 'onBeforeCompile')
    at customProgramCacheKey (http://localhost:4219/vendor/three.module.js:9183:15)
    at c.customProgramCacheKey (http://localhost:4219/game.js:491:50)
    at Object.getParameters (http://localhost:4219/vendor/three.module.js:20763:36)
    at getProgram (http://localhost:4219/vendor/three.module.js:29915:36)
    at setProgram (http://localhost:4219/vendor/three.module.js:30223:15)
    at WebGLRenderer.renderBufferDirect (http://localhost:4219/vendor/three.module.js:29037:20)
    at renderObject (http://localhost:4219/vendor/three.module.js:29896:11)
    at renderObjects (http://localhost:4219/vendor/three.module.js:29865:6)
    at renderScene (http://localhost:4219/vendor/three.module.js:29708:36)
    at WebGLRenderer.render (http://localhost:4219/vendor/three.module.js:29526:5) @ http://localhost:4219/game.js:1031
[    3231ms] TypeError: Cannot read properties of undefined (reading 'onBeforeCompile')
    at customProgramCacheKey (http://localhost:4219/vendor/three.module.js:9183:15)
    at c.customProgramCacheKey (http://localhost:4219/game.js:491:50)
    at Object.getParameters (http://localhost:4219/vendor/three.module.js:20763:36)
    at getProgram (http://localhost:4219/vendor/three.module.js:29915:36)
    at setProgram (http://localhost:4219/vendor/three.module.js:30223:15)
    at WebGLRenderer.renderBufferDirect (http://localhost:4219/vendor/three.module.js:29037:20)
    at renderObject (http://localhost:4219/vendor/three.module.js:29896:11)
    at renderObjects (http://localhost:4219/vendor/three.module.js:29865:6)
    at renderScene (http://localhost:4219/vendor/three.module.js:29708:36)
    at WebGLRenderer.render (http://localhost:4219/vendor/three.module.js:29526:5)
[    3204ms] [ERROR] TypeError: Cannot read properties of undefined (reading 'onBeforeCompile')
    at customProgramCacheKey (http://localhost:4219/vendor/three.module.js:9183:15)
    at c.customProgramCacheKey (http://localhost:4219/game.js:491:50)
    at Object.getParameters (http://localhost:4219/vendor/three.module.js:20763:36)
    at getProgram (http://localhost:4219/vendor/three.module.js:29915:36)
    at setProgram (http://localhost:4219/vendor/three.module.js:30223:15)
    at WebGLRenderer.renderBufferDirect (http://localhost:4219/vendor/three.module.js:29037:20)
    at renderObject (http://localhost:4219/vendor/three.module.js:29896:11)
    at renderObjects (http://localhost:4219/vendor/three.module.js:29865:6)
    at renderScene (http://localhost:4219/vendor/three.module.js:29708:36)
    at WebGLRenderer.render (http://localhost:4219/vendor/three.module.js:29526:5) @ http://localhost:4219/game.js:1031
[    3231ms] TypeError: Cannot read properties of undefined (reading 'onBeforeCompile')
    at customProgramCacheKey (http://localhost:4219/vendor/three.module.js:9183:15)
    at c.customProgramCacheKey (http://localhost:4219/game.js:491:50)
    at Object.getParameters (http://localhost:4219/vendor/three.module.js:20763:36)
    at getProgram (http://localhost:4219/vendor/three.module.js:29915:36)
    at setProgram (http://localhost:4219/vendor/three.module.js:30223:15)
    at WebGLRenderer.renderBufferDirect (http://localhost:4219/vendor/three.module.js:29037:20)
    at renderObject (http://localhost:4219/vendor/three.module.js:29896:11)
    at renderObjects (http://localhost:4219/vendor/three.module.js:29865:6)
    at renderScene (http://localhost:4219/vendor/three.module.js:29708:36)
    at WebGLRenderer.render (http://localhost:4219/vendor/three.module.js:29526:5)
[    3263ms] [ERROR] TypeError: Cannot read properties of undefined (reading 'onBeforeCompile')
    at customProgramCacheKey (http://localhost:4219/vendor/three.module.js:9183:15)
    at c.customProgramCacheKey (http://localhost:4219/game.js:491:50)
    at Object.getParameters (http://localhost:4219/vendor/three.module.js:20763:36)
    at getProgram (http://localhost:4219/vendor/three.module.js:29915:36)
    at setProgram (http://localhost:4219/vendor/three.module.js:30223:15)
    at WebGLRenderer.renderBufferDirect (http://localhost:4219/vendor/three.module.js:29037:20)
    at renderObject (http://localhost:4219/vendor/three.module.js:29896:11)
    at renderObjects (http://localhost:4219/vendor/three.module.js:29865:6)
    at renderScene (http://localhost:4219/vendor/three.module.js:29708:36)
    at WebGLRenderer.render (http://localhost:4219/vendor/three.module.js:29526:5) @ http://localhost:4219/game.js:1031
[    3326ms] TypeError: Cannot read properties of undefined (reading 'onBeforeCompile')
    at customProgramCacheKey (http://localhost:4219/vendor/three.module.js:9183:15)
    at c.customProgramCacheKey (http://localhost:4219/game.js:491:50)
    at Object.getParameters (http://localhost:4219/vendor/three.module.js:20763:36)
    at getProgram (http://localhost:4219/vendor/three.module.js:29915:36)
    at setProgram (http://localhost:4219/vendor/three.module.js:30223:15)
    at WebGLRenderer.renderBufferDirect (http://localhost:4219/vendor/three.module.js:29037:20)
    at renderObject (http://localhost:4219/vendor/three.module.js:29896:11)
    at renderObjects (http://localhost:4219/vendor/three.module.js:29865:6)
    at renderScene (http://localhost:4219/vendor/three.module.js:29708:36)
    at WebGLRenderer.render (http://localhost:4219/vendor/three.module.js:29526:5)
[    3314ms] [ERROR] TypeError: Cannot read properties of undefined (reading 'onBeforeCompile')
    at customProgramCacheKey (http://localhost:4219/vendor/three.module.js:9183:15)
    at c.customProgramCacheKey (http://localhost:4219/game.js:491:50)
    at Object.getParameters (http://localhost:4219/vendor/three.module.js:20763:36)
    at getProgram (http://localhost:4219/vendor/three.module.js:29915:36)
    at setProgram (http://localhost:4219/vendor/three.module.js:30223:15)
    at WebGLRenderer.renderBufferDirect (http://localhost:4219/vendor/three.module.js:29037:20)
    at renderObject (http://localhost:4219/vendor/three.module.js:29896:11)
    at renderObjects (http://localhost:4219/vendor/three.module.js:29865:6)
    at renderScene (http://localhost:4219/vendor/three.module.js:29708:36)
    at WebGLRenderer.render (http://localhost:4219/vendor/three.module.js:29526:5) @ http://localhost:4219/game.js:1031
[    3327ms] TypeError: Cannot read properties of undefined (reading 'onBeforeCompile')
    at customProgramCacheKey (http://localhost:4219/vendor/three.module.js:9183:15)
    at c.customProgramCacheKey (http://localhost:4219/game.js:491:50)
    at Object.getParameters (http://localhost:4219/vendor/three.module.js:20763:36)
    at getProgram (http://localhost:4219/vendor/three.module.js:29915:36)
    at setProgram (http://localhost:4219/vendor/three.module.js:30223:15)
    at WebGLRenderer.renderBufferDirect (http://localhost:4219/vendor/three.module.js:29037:20)
    at renderObject (http://localhost:4219/vendor/three.module.js:29896:11)
    at renderObjects (http://localhost:4219/vendor/three.module.js:29865:6)
    at renderScene (http://localhost:4219/vendor/three.module.js:29708:36)
    at WebGLRenderer.render (http://localhost:4219/vendor/three.module.js:29526:5)
[    3379ms] [ERROR] TypeError: Cannot read properties of undefined (reading 'onBeforeCompile')
    at customProgramCacheKey (http://localhost:4219/vendor/three.module.js:9183:15)
    at c.customProgramCacheKey (http://localhost:4219/game.js:491:50)
    at Object.getParameters (http://localhost:4219/vendor/three.module.js:20763:36)
    at getProgram (http://localhost:4219/vendor/three.module.js:29915:36)
    at setProgram (http://localhost:4219/vendor/three.module.js:30223:15)
    at WebGLRenderer.renderBufferDirect (http://localhost:4219/vendor/three.module.js:29037:20)
    at renderObject (http://localhost:4219/vendor/three.module.js:29896:11)
    at renderObjects (http://localhost:4219/vendor/three.module.js:29865:6)
    at renderScene (http://localhost:4219/vendor/three.module.js:29708:36)
    at WebGLRenderer.render (http://localhost:4219/vendor/three.module.js:29526:5) @ http://localhost:4219/game.js:1031
[    3535ms] TypeError: Cannot read properties of undefined (reading 'onBeforeCompile')
    at customProgramCacheKey (http://localhost:4219/vendor/three.module.js:9183:15)
    at c.customProgramCacheKey (http://localhost:4219/game.js:491:50)
    at Object.getParameters (http://localhost:4219/vendor/three.module.js:20763:36)
    at getProgram (http://localhost:4219/vendor/three.module.js:29915:36)
    at setProgram (http://localhost:4219/vendor/three.module.js:30223:15)
    at WebGLRenderer.renderBufferDirect (http://localhost:4219/vendor/three.module.js:29037:20)
    at renderObject (http://localhost:4219/vendor/three.module.js:29896:11)
    at renderObjects (http://localhost:4219/vendor/three.module.js:29865:6)
    at renderScene (http://localhost:4219/vendor/three.module.js:29708:36)
    at WebGLRenderer.render (http://localhost:4219/vendor/three.module.js:29526:5)
[    3429ms] [ERROR] TypeError: Cannot read properties of undefined (reading 'onBeforeCompile')
    at customProgramCacheKey (http://localhost:4219/vendor/three.module.js:9183:15)
    at c.customProgramCacheKey (http://localhost:4219/game.js:491:50)
    at Object.getParameters (http://localhost:4219/vendor/three.module.js:20763:36)
    at getProgram (http://localhost:4219/vendor/three.module.js:29915:36)
    at setProgram (http://localhost:4219/vendor/three.module.js:30223:15)
    at WebGLRenderer.renderBufferDirect (http://localhost:4219/vendor/three.module.js:29037:20)
    at renderObject (http://localhost:4219/vendor/three.module.js:29896:11)
    at renderObjects (http://localhost:4219/vendor/three.module.js:29865:6)
    at renderScene (http://localhost:4219/vendor/three.module.js:29708:36)
    at WebGLRenderer.render (http://localhost:4219/vendor/three.module.js:29526:5) @ http://localhost:4219/game.js:1031
[    3542ms] TypeError: Cannot read properties of undefined (reading 'onBeforeCompile')
    at customProgramCacheKey (http://localhost:4219/vendor/three.module.js:9183:15)
    at c.customProgramCacheKey (http://localhost:4219/game.js:491:50)
    at Object.getParameters (http://localhost:4219/vendor/three.module.js:20763:36)
    at getProgram (http://localhost:4219/vendor/three.module.js:29915:36)
    at setProgram (http://localhost:4219/vendor/three.module.js:30223:15)
    at WebGLRenderer.renderBufferDirect (http://localhost:4219/vendor/three.module.js:29037:20)
    at renderObject (http://localhost:4219/vendor/three.module.js:29896:11)
    at renderObjects (http://localhost:4219/vendor/three.module.js:29865:6)
    at renderScene (http://localhost:4219/vendor/three.module.js:29708:36)
    at WebGLRenderer.render (http://localhost:4219/vendor/three.module.js:29526:5)
[    3470ms] [ERROR] TypeError: Cannot read properties of undefined (reading 'onBeforeCompile')
    at customProgramCacheKey (http://localhost:4219/vendor/three.module.js:9183:15)
    at c.customProgramCacheKey (http://localhost:4219/game.js:491:50)
    at Object.getParameters (http://localhost:4219/vendor/three.module.js:20763:36)
    at getProgram (http://localhost:4219/vendor/three.module.js:29915:36)
    at setProgram (http://localhost:4219/vendor/three.module.js:30223:15)
    at WebGLRenderer.renderBufferDirect (http://localhost:4219/vendor/three.module.js:29037:20)
    at renderObject (http://localhost:4219/vendor/three.module.js:29896:11)
    at renderObjects (http://localhost:4219/vendor/three.module.js:29865:6)
    at renderScene (http://localhost:4219/vendor/three.module.js:29708:36)
    at WebGLRenderer.render (http://localhost:4219/vendor/three.module.js:29526:5) @ http://localhost:4219/game.js:1031
[    3543ms] TypeError: Cannot read properties of undefined (reading 'onBeforeCompile')
    at customProgramCacheKey (http://localhost:4219/vendor/three.module.js:9183:15)
    at c.customProgramCacheKey (http://localhost:4219/game.js:491:50)
    at Object.getParameters (http://localhost:4219/vendor/three.module.js:20763:36)
    at getProgram (http://localhost:4219/vendor/three.module.js:29915:36)
    at setProgram (http://localhost:4219/vendor/three.module.js:30223:15)
    at WebGLRenderer.renderBufferDirect (http://localhost:4219/vendor/three.module.js:29037:20)
    at renderObject (http://localhost:4219/vendor/three.module.js:29896:11)
    at renderObjects (http://localhost:4219/vendor/three.module.js:29865:6)
    at renderScene (http://localhost:4219/vendor/three.module.js:29708:36)
    at WebGLRenderer.render (http://localhost:4219/vendor/three.module.js:29526:5)
[    3520ms] [ERROR] TypeError: Cannot read properties of undefined (reading 'onBeforeCompile')
    at customProgramCacheKey (http://localhost:4219/vendor/three.module.js:9183:15)
    at c.customProgramCacheKey (http://localhost:4219/game.js:491:50)
    at Object.getParameters (http://localhost:4219/vendor/three.module.js:20763:36)
    at getProgram (http://localhost:4219/vendor/three.module.js:29915:36)
    at setProgram (http://localhost:4219/vendor/three.module.js:30223:15)
    at WebGLRenderer.renderBufferDirect (http://localhost:4219/vendor/three.module.js:29037:20)
    at renderObject (http://localhost:4219/vendor/three.module.js:29896:11)
    at renderObjects (http://localhost:4219/vendor/three.module.js:29865:6)
    at renderScene (http://localhost:4219/vendor/three.module.js:29708:36)
    at WebGLRenderer.render (http://localhost:4219/vendor/three.module.js:29526:5) @ http://localhost:4219/game.js:1031
[    3544ms] TypeError: Cannot read properties of undefined (reading 'onBeforeCompile')
    at customProgramCacheKey (http://localhost:4219/vendor/three.module.js:9183:15)
    at c.customProgramCacheKey (http://localhost:4219/game.js:491:50)
    at Object.getParameters (http://localhost:4219/vendor/three.module.js:20763:36)
    at getProgram (http://localhost:4219/vendor/three.module.js:29915:36)
    at setProgram (http://localhost:4219/vendor/three.module.js:30223:15)
    at WebGLRenderer.renderBufferDirect (http://localhost:4219/vendor/three.module.js:29037:20)
    at renderObject (http://localhost:4219/vendor/three.module.js:29896:11)
    at renderObjects (http://localhost:4219/vendor/three.module.js:29865:6)
    at renderScene (http://localhost:4219/vendor/three.module.js:29708:36)
    at WebGLRenderer.render (http://localhost:4219/vendor/three.module.js:29526:5)
[    3583ms] [ERROR] TypeError: Cannot read properties of undefined (reading 'onBeforeCompile')
    at customProgramCacheKey (http://localhost:4219/vendor/three.module.js:9183:15)
    at c.customProgramCacheKey (http://localhost:4219/game.js:491:50)
    at Object.getParameters (http://localhost:4219/vendor/three.module.js:20763:36)
    at getProgram (http://localhost:4219/vendor/three.module.js:29915:36)
    at setProgram (http://localhost:4219/vendor/three.module.js:30223:15)
    at WebGLRenderer.renderBufferDirect (http://localhost:4219/vendor/three.module.js:29037:20)
    at renderObject (http://localhost:4219/vendor/three.module.js:29896:11)
    at renderObjects (http://localhost:4219/vendor/three.module.js:29865:6)
    at renderScene (http://localhost:4219/vendor/three.module.js:29708:36)
    at WebGLRenderer.render (http://localhost:4219/vendor/three.module.js:29526:5) @ http://localhost:4219/game.js:1031
[    3720ms] TypeError: Cannot read properties of undefined (reading 'onBeforeCompile')
    at customProgramCacheKey (http://localhost:4219/vendor/three.module.js:9183:15)
    at c.customProgramCacheKey (http://localhost:4219/game.js:491:50)
    at Object.getParameters (http://localhost:4219/vendor/three.module.js:20763:36)
    at getProgram (http://localhost:4219/vendor/three.module.js:29915:36)
    at setProgram (http://localhost:4219/vendor/three.module.js:30223:15)
    at WebGLRenderer.renderBufferDirect (http://localhost:4219/vendor/three.module.js:29037:20)
    at renderObject (http://localhost:4219/vendor/three.module.js:29896:11)
    at renderObjects (http://localhost:4219/vendor/three.module.js:29865:6)
    at renderScene (http://localhost:4219/vendor/three.module.js:29708:36)
    at WebGLRenderer.render (http://localhost:4219/vendor/three.module.js:29526:5)
[    3649ms] [ERROR] TypeError: Cannot read properties of undefined (reading 'onBeforeCompile')
    at customProgramCacheKey (http://localhost:4219/vendor/three.module.js:9183:15)
    at c.customProgramCacheKey (http://localhost:4219/game.js:491:50)
    at Object.getParameters (http://localhost:4219/vendor/three.module.js:20763:36)
    at getProgram (http://localhost:4219/vendor/three.module.js:29915:36)
    at setProgram (http://localhost:4219/vendor/three.module.js:30223:15)
    at WebGLRenderer.renderBufferDirect (http://localhost:4219/vendor/three.module.js:29037:20)
    at renderObject (http://localhost:4219/vendor/three.module.js:29896:11)
    at renderObjects (http://localhost:4219/vendor/three.module.js:29865:6)
    at renderScene (http://localhost:4219/vendor/three.module.js:29708:36)
    at WebGLRenderer.render (http://localhost:4219/vendor/three.module.js:29526:5) @ http://localhost:4219/game.js:1031
[    3720ms] TypeError: Cannot read properties of undefined (reading 'onBeforeCompile')
    at customProgramCacheKey (http://localhost:4219/vendor/three.module.js:9183:15)
    at c.customProgramCacheKey (http://localhost:4219/game.js:491:50)
    at Object.getParameters (http://localhost:4219/vendor/three.module.js:20763:36)
    at getProgram (http://localhost:4219/vendor/three.module.js:29915:36)
    at setProgram (http://localhost:4219/vendor/three.module.js:30223:15)
    at WebGLRenderer.renderBufferDirect (http://localhost:4219/vendor/three.module.js:29037:20)
    at renderObject (http://localhost:4219/vendor/three.module.js:29896:11)
    at renderObjects (http://localhost:4219/vendor/three.module.js:29865:6)
    at renderScene (http://localhost:4219/vendor/three.module.js:29708:36)
    at WebGLRenderer.render (http://localhost:4219/vendor/three.module.js:29526:5)
[    3701ms] [ERROR] TypeError: Cannot read properties of undefined (reading 'onBeforeCompile')
    at customProgramCacheKey (http://localhost:4219/vendor/three.module.js:9183:15)
    at c.customProgramCacheKey (http://localhost:4219/game.js:491:50)
    at Object.getParameters (http://localhost:4219/vendor/three.module.js:20763:36)
    at getProgram (http://localhost:4219/vendor/three.module.js:29915:36)
    at setProgram (http://localhost:4219/vendor/three.module.js:30223:15)
    at WebGLRenderer.renderBufferDirect (http://localhost:4219/vendor/three.module.js:29037:20)
    at renderObject (http://localhost:4219/vendor/three.module.js:29896:11)
    at renderObjects (http://localhost:4219/vendor/three.module.js:29865:6)
    at renderScene (http://localhost:4219/vendor/three.module.js:29708:36)
    at WebGLRenderer.render (http://localhost:4219/vendor/three.module.js:29526:5) @ http://localhost:4219/game.js:1031
[    3725ms] TypeError: Cannot read properties of undefined (reading 'onBeforeCompile')
    at customProgramCacheKey (http://localhost:4219/vendor/three.module.js:9183:15)
    at c.customProgramCacheKey (http://localhost:4219/game.js:491:50)
    at Object.getParameters (http://localhost:4219/vendor/three.module.js:20763:36)
    at getProgram (http://localhost:4219/vendor/three.module.js:29915:36)
    at setProgram (http://localhost:4219/vendor/three.module.js:30223:15)
    at WebGLRenderer.renderBufferDirect (http://localhost:4219/vendor/three.module.js:29037:20)
    at renderObject (http://localhost:4219/vendor/three.module.js:29896:11)
    at renderObjects (http://localhost:4219/vendor/three.module.js:29865:6)
    at renderScene (http://localhost:4219/vendor/three.module.js:29708:36)
    at WebGLRenderer.render (http://localhost:4219/vendor/three.module.js:29526:5)
[    3794ms] [ERROR] TypeError: Cannot read properties of undefined (reading 'onBeforeCompile')
    at customProgramCacheKey (http://localhost:4219/vendor/three.module.js:9183:15)
    at c.customProgramCacheKey (http://localhost:4219/game.js:491:50)
    at Object.getParameters (http://localhost:4219/vendor/three.module.js:20763:36)
    at getProgram (http://localhost:4219/vendor/three.module.js:29915:36)
    at setProgram (http://localhost:4219/vendor/three.module.js:30223:15)
    at WebGLRenderer.renderBufferDirect (http://localhost:4219/vendor/three.module.js:29037:20)
    at renderObject (http://localhost:4219/vendor/three.module.js:29896:11)
    at renderObjects (http://localhost:4219/vendor/three.module.js:29865:6)
    at renderScene (http://localhost:4219/vendor/three.module.js:29708:36)
    at WebGLRenderer.render (http://localhost:4219/vendor/three.module.js:29526:5) @ http://localhost:4219/game.js:1031
[    3994ms] TypeError: Cannot read properties of undefined (reading 'onBeforeCompile')
    at customProgramCacheKey (http://localhost:4219/vendor/three.module.js:9183:15)
    at c.customProgramCacheKey (http://localhost:4219/game.js:491:50)
    at Object.getParameters (http://localhost:4219/vendor/three.module.js:20763:36)
    at getProgram (http://localhost:4219/vendor/three.module.js:29915:36)
    at setProgram (http://localhost:4219/vendor/three.module.js:30223:15)
    at WebGLRenderer.renderBufferDirect (http://localhost:4219/vendor/three.module.js:29037:20)
    at renderObject (http://localhost:4219/vendor/three.module.js:29896:11)
    at renderObjects (http://localhost:4219/vendor/three.module.js:29865:6)
    at renderScene (http://localhost:4219/vendor/three.module.js:29708:36)
    at WebGLRenderer.render (http://localhost:4219/vendor/three.module.js:29526:5)
[    3850ms] [ERROR] TypeError: Cannot read properties of undefined (reading 'onBeforeCompile')
    at customProgramCacheKey (http://localhost:4219/vendor/three.module.js:9183:15)
    at c.customProgramCacheKey (http://localhost:4219/game.js:491:50)
    at Object.getParameters (http://localhost:4219/vendor/three.module.js:20763:36)
    at getProgram (http://localhost:4219/vendor/three.module.js:29915:36)
    at setProgram (http://localhost:4219/vendor/three.module.js:30223:15)
    at WebGLRenderer.renderBufferDirect (http://localhost:4219/vendor/three.module.js:29037:20)
    at renderObject (http://localhost:4219/vendor/three.module.js:29896:11)
    at renderObjects (http://localhost:4219/vendor/three.module.js:29865:6)
    at renderScene (http://localhost:4219/vendor/three.module.js:29708:36)
    at WebGLRenderer.render (http://localhost:4219/vendor/three.module.js:29526:5) @ http://localhost:4219/game.js:1031
[    3995ms] TypeError: Cannot read properties of undefined (reading 'onBeforeCompile')
    at customProgramCacheKey (http://localhost:4219/vendor/three.module.js:9183:15)
    at c.customProgramCacheKey (http://localhost:4219/game.js:491:50)
    at Object.getParameters (http://localhost:4219/vendor/three.module.js:20763:36)
    at getProgram (http://localhost:4219/vendor/three.module.js:29915:36)
    at setProgram (http://localhost:4219/vendor/three.module.js:30223:15)
    at WebGLRenderer.renderBufferDirect (http://localhost:4219/vendor/three.module.js:29037:20)
    at renderObject (http://localhost:4219/vendor/three.module.js:29896:11)
    at renderObjects (http://localhost:4219/vendor/three.module.js:29865:6)
    at renderScene (http://localhost:4219/vendor/three.module.js:29708:36)
    at WebGLRenderer.render (http://localhost:4219/vendor/three.module.js:29526:5)
[    3934ms] [ERROR] TypeError: Cannot read properties of undefined (reading 'onBeforeCompile')
    at customProgramCacheKey (http://localhost:4219/vendor/three.module.js:9183:15)
    at c.customProgramCacheKey (http://localhost:4219/game.js:491:50)
    at Object.getParameters (http://localhost:4219/vendor/three.module.js:20763:36)
    at getProgram (http://localhost:4219/vendor/three.module.js:29915:36)
    at setProgram (http://localhost:4219/vendor/three.module.js:30223:15)
    at WebGLRenderer.renderBufferDirect (http://localhost:4219/vendor/three.module.js:29037:20)
    at renderObject (http://localhost:4219/vendor/three.module.js:29896:11)
    at renderObjects (http://localhost:4219/vendor/three.module.js:29865:6)
    at renderScene (http://localhost:4219/vendor/three.module.js:29708:36)
    at WebGLRenderer.render (http://localhost:4219/vendor/three.module.js:29526:5) @ http://localhost:4219/game.js:1031
[    3995ms] TypeError: Cannot read properties of undefined (reading 'onBeforeCompile')
    at customProgramCacheKey (http://localhost:4219/vendor/three.module.js:9183:15)
    at c.customProgramCacheKey (http://localhost:4219/game.js:491:50)
    at Object.getParameters (http://localhost:4219/vendor/three.module.js:20763:36)
    at getProgram (http://localhost:4219/vendor/three.module.js:29915:36)
    at setProgram (http://localhost:4219/vendor/three.module.js:30223:15)
    at WebGLRenderer.renderBufferDirect (http://localhost:4219/vendor/three.module.js:29037:20)
    at renderObject (http://localhost:4219/vendor/three.module.js:29896:11)
    at renderObjects (http://localhost:4219/vendor/three.module.js:29865:6)
    at renderScene (http://localhost:4219/vendor/three.module.js:29708:36)
    at WebGLRenderer.render (http://localhost:4219/vendor/three.module.js:29526:5)
[    3978ms] [ERROR] TypeError: Cannot read properties of undefined (reading 'onBeforeCompile')
    at customProgramCacheKey (http://localhost:4219/vendor/three.module.js:9183:15)
    at c.customProgramCacheKey (http://localhost:4219/game.js:491:50)
    at Object.getParameters (http://localhost:4219/vendor/three.module.js:20763:36)
    at getProgram (http://localhost:4219/vendor/three.module.js:29915:36)
    at setProgram (http://localhost:4219/vendor/three.module.js:30223:15)
    at WebGLRenderer.renderBufferDirect (http://localhost:4219/vendor/three.module.js:29037:20)
    at renderObject (http://localhost:4219/vendor/three.module.js:29896:11)
    at renderObjects (http://localhost:4219/vendor/three.module.js:29865:6)
    at renderScene (http://localhost:4219/vendor/three.module.js:29708:36)
    at WebGLRenderer.render (http://localhost:4219/vendor/three.module.js:29526:5) @ http://localhost:4219/game.js:1031
[    3995ms] TypeError: Cannot read properties of undefined (reading 'onBeforeCompile')
    at customProgramCacheKey (http://localhost:4219/vendor/three.module.js:9183:15)
    at c.customProgramCacheKey (http://localhost:4219/game.js:491:50)
    at Object.getParameters (http://localhost:4219/vendor/three.module.js:20763:36)
    at getProgram (http://localhost:4219/vendor/three.module.js:29915:36)
    at setProgram (http://localhost:4219/vendor/three.module.js:30223:15)
    at WebGLRenderer.renderBufferDirect (http://localhost:4219/vendor/three.module.js:29037:20)
    at renderObject (http://localhost:4219/vendor/three.module.js:29896:11)
    at renderObjects (http://localhost:4219/vendor/three.module.js:29865:6)
    at renderScene (http://localhost:4219/vendor/three.module.js:29708:36)
    at WebGLRenderer.render (http://localhost:4219/vendor/three.module.js:29526:5)
[    4050ms] [ERROR] TypeError: Cannot read properties of undefined (reading 'onBeforeCompile')
    at customProgramCacheKey (http://localhost:4219/vendor/three.module.js:9183:15)
    at c.customProgramCacheKey (http://localhost:4219/game.js:491:50)
    at Object.getParameters (http://localhost:4219/vendor/three.module.js:20763:36)
    at getProgram (http://localhost:4219/vendor/three.module.js:29915:36)
    at setProgram (http://localhost:4219/vendor/three.module.js:30223:15)
    at WebGLRenderer.renderBufferDirect (http://localhost:4219/vendor/three.module.js:29037:20)
    at renderObject (http://localhost:4219/vendor/three.module.js:29896:11)
    at renderObjects (http://localhost:4219/vendor/three.module.js:29865:6)
    at renderScene (http://localhost:4219/vendor/three.module.js:29708:36)
    at WebGLRenderer.render (http://localhost:4219/vendor/three.module.js:29526:5) @ http://localhost:4219/game.js:1031
[    4185ms] TypeError: Cannot read properties of undefined (reading 'onBeforeCompile')
    at customProgramCacheKey (http://localhost:4219/vendor/three.module.js:9183:15)
    at c.customProgramCacheKey (http://localhost:4219/game.js:491:50)
    at Object.getParameters (http://localhost:4219/vendor/three.module.js:20763:36)
    at getProgram (http://localhost:4219/vendor/three.module.js:29915:36)
    at setProgram (http://localhost:4219/vendor/three.module.js:30223:15)
    at WebGLRenderer.renderBufferDirect (http://localhost:4219/vendor/three.module.js:29037:20)
    at renderObject (http://localhost:4219/vendor/three.module.js:29896:11)
    at renderObjects (http://localhost:4219/vendor/three.module.js:29865:6)
    at renderScene (http://localhost:4219/vendor/three.module.js:29708:36)
    at WebGLRenderer.render (http://localhost:4219/vendor/three.module.js:29526:5)
[    4145ms] [ERROR] TypeError: Cannot read properties of undefined (reading 'onBeforeCompile')
    at customProgramCacheKey (http://localhost:4219/vendor/three.module.js:9183:15)
    at c.customProgramCacheKey (http://localhost:4219/game.js:491:50)
    at Object.getParameters (http://localhost:4219/vendor/three.module.js:20763:36)
    at getProgram (http://localhost:4219/vendor/three.module.js:29915:36)
    at setProgram (http://localhost:4219/vendor/three.module.js:30223:15)
    at WebGLRenderer.renderBufferDirect (http://localhost:4219/vendor/three.module.js:29037:20)
    at renderObject (http://localhost:4219/vendor/three.module.js:29896:11)
    at renderObjects (http://localhost:4219/vendor/three.module.js:29865:6)
    at renderScene (http://localhost:4219/vendor/three.module.js:29708:36)
    at WebGLRenderer.render (http://localhost:4219/vendor/three.module.js:29526:5) @ http://localhost:4219/game.js:1031
[    4185ms] TypeError: Cannot read properties of undefined (reading 'onBeforeCompile')
    at customProgramCacheKey (http://localhost:4219/vendor/three.module.js:9183:15)
    at c.customProgramCacheKey (http://localhost:4219/game.js:491:50)
    at Object.getParameters (http://localhost:4219/vendor/three.module.js:20763:36)
    at getProgram (http://localhost:4219/vendor/three.module.js:29915:36)
    at setProgram (http://localhost:4219/vendor/three.module.js:30223:15)
    at WebGLRenderer.renderBufferDirect (http://localhost:4219/vendor/three.module.js:29037:20)
    at renderObject (http://localhost:4219/vendor/three.module.js:29896:11)
    at renderObjects (http://localhost:4219/vendor/three.module.js:29865:6)
    at renderScene (http://localhost:4219/vendor/three.module.js:29708:36)
    at WebGLRenderer.render (http://localhost:4219/vendor/three.module.js:29526:5)
[    4267ms] [ERROR] TypeError: Cannot read properties of undefined (reading 'onBeforeCompile')
    at customProgramCacheKey (http://localhost:4219/vendor/three.module.js:9183:15)
    at c.customProgramCacheKey (http://localhost:4219/game.js:491:50)
    at Object.getParameters (http://localhost:4219/vendor/three.module.js:20763:36)
    at getProgram (http://localhost:4219/vendor/three.module.js:29915:36)
    at setProgram (http://localhost:4219/vendor/three.module.js:30223:15)
    at WebGLRenderer.renderBufferDirect (http://localhost:4219/vendor/three.module.js:29037:20)
    at renderObject (http://localhost:4219/vendor/three.module.js:29896:11)
    at renderObjects (http://localhost:4219/vendor/three.module.js:29865:6)
    at renderScene (http://localhost:4219/vendor/three.module.js:29708:36)
    at WebGLRenderer.render (http://localhost:4219/vendor/three.module.js:29526:5) @ http://localhost:4219/game.js:1031
[    4298ms] TypeError: Cannot read properties of undefined (reading 'onBeforeCompile')
    at customProgramCacheKey (http://localhost:4219/vendor/three.module.js:9183:15)
    at c.customProgramCacheKey (http://localhost:4219/game.js:491:50)
    at Object.getParameters (http://localhost:4219/vendor/three.module.js:20763:36)
    at getProgram (http://localhost:4219/vendor/three.module.js:29915:36)
    at setProgram (http://localhost:4219/vendor/three.module.js:30223:15)
    at WebGLRenderer.renderBufferDirect (http://localhost:4219/vendor/three.module.js:29037:20)
    at renderObject (http://localhost:4219/vendor/three.module.js:29896:11)
    at renderObjects (http://localhost:4219/vendor/three.module.js:29865:6)
    at renderScene (http://localhost:4219/vendor/three.module.js:29708:36)
    at WebGLRenderer.render (http://localhost:4219/vendor/three.module.js:29526:5)
[    4349ms] [ERROR] TypeError: Cannot read properties of undefined (reading 'onBeforeCompile')
    at customProgramCacheKey (http://localhost:4219/vendor/three.module.js:9183:15)
    at c.customProgramCacheKey (http://localhost:4219/game.js:491:50)
    at Object.getParameters (http://localhost:4219/vendor/three.module.js:20763:36)
    at getProgram (http://localhost:4219/vendor/three.module.js:29915:36)
    at setProgram (http://localhost:4219/vendor/three.module.js:30223:15)
    at WebGLRenderer.renderBufferDirect (http://localhost:4219/vendor/three.module.js:29037:20)
    at renderObject (http://localhost:4219/vendor/three.module.js:29896:11)
    at renderObjects (http://localhost:4219/vendor/three.module.js:29865:6)
    at renderScene (http://localhost:4219/vendor/three.module.js:29708:36)
    at WebGLRenderer.render (http://localhost:4219/vendor/three.module.js:29526:5) @ http://localhost:4219/game.js:1031
[    4358ms] TypeError: Cannot read properties of undefined (reading 'onBeforeCompile')
    at customProgramCacheKey (http://localhost:4219/vendor/three.module.js:9183:15)
    at c.customProgramCacheKey (http://localhost:4219/game.js:491:50)
    at Object.getParameters (http://localhost:4219/vendor/three.module.js:20763:36)
    at getProgram (http://localhost:4219/vendor/three.module.js:29915:36)
    at setProgram (http://localhost:4219/vendor/three.module.js:30223:15)
    at WebGLRenderer.renderBufferDirect (http://localhost:4219/vendor/three.module.js:29037:20)
    at renderObject (http://localhost:4219/vendor/three.module.js:29896:11)
    at renderObjects (http://localhost:4219/vendor/three.module.js:29865:6)
    at renderScene (http://localhost:4219/vendor/three.module.js:29708:36)
    at WebGLRenderer.render (http://localhost:4219/vendor/three.module.js:29526:5)
[    4399ms] [ERROR] TypeError: Cannot read properties of undefined (reading 'onBeforeCompile')
    at customProgramCacheKey (http://localhost:4219/vendor/three.module.js:9183:15)
    at c.customProgramCacheKey (http://localhost:4219/game.js:491:50)
    at Object.getParameters (http://localhost:4219/vendor/three.module.js:20763:36)
    at getProgram (http://localhost:4219/vendor/three.module.js:29915:36)
    at setProgram (http://localhost:4219/vendor/three.module.js:30223:15)
    at WebGLRenderer.renderBufferDirect (http://localhost:4219/vendor/three.module.js:29037:20)
    at renderObject (http://localhost:4219/vendor/three.module.js:29896:11)
    at renderObjects (http://localhost:4219/vendor/three.module.js:29865:6)
    at renderScene (http://localhost:4219/vendor/three.module.js:29708:36)
    at WebGLRenderer.render (http://localhost:4219/vendor/three.module.js:29526:5) @ http://localhost:4219/game.js:1031
[    4403ms] TypeError: Cannot read properties of undefined (reading 'onBeforeCompile')
    at customProgramCacheKey (http://localhost:4219/vendor/three.module.js:9183:15)
    at c.customProgramCacheKey (http://localhost:4219/game.js:491:50)
    at Object.getParameters (http://localhost:4219/vendor/three.module.js:20763:36)
    at getProgram (http://localhost:4219/vendor/three.module.js:29915:36)
    at setProgram (http://localhost:4219/vendor/three.module.js:30223:15)
    at WebGLRenderer.renderBufferDirect (http://localhost:4219/vendor/three.module.js:29037:20)
    at renderObject (http://localhost:4219/vendor/three.module.js:29896:11)
    at renderObjects (http://localhost:4219/vendor/three.module.js:29865:6)
    at renderScene (http://localhost:4219/vendor/three.module.js:29708:36)
    at WebGLRenderer.render (http://localhost:4219/vendor/three.module.js:29526:5)
